best_checkpoint_path,best_entry_source,best_epoch,best_key,best_metric,initial_launch_host,latest_checkpoint_path,launch_history,launch_host,log_path,metadata_path,mode,primary_metric,resume_checkpoint,run_dir,run_origin,seed,session_name,session_root,status,task,task_name,train.acc1,train.loss,val.acc1,val.acc3,val.det_acc,val.f1_macro,val.loss,val.mean_distance_error,val.mean_error,val.median_distance_error,val.median_error,val.mod_acc,val.p75_distance_error,val.p75_error,val.p90_distance_error,val.p90_error,val.pca,val.per_class_acc,val.sig_acc,val.stdev_distance_error,val.stdev_error
/home/<user>/wavesfm_vivor4_m2/phase2_vivor4/runs/20260403_004122-ngwn06/local_results/by_task/sensing/lp/s0/best.pth,log,65,pca,96.58978271484375,ngwn06,/home/<user>/wavesfm_vivor4_m2/phase2_vivor4/runs/20260403_004122-ngwn06/local_results/by_task/sensing/lp/s0/checkpoint_099.pth,['ngwn06'],ngwn06,/home/<user>/wavesfm_vivor4_m2/phase2_vivor4/runs/20260403_004122-ngwn06/local_results/by_task/sensing/lp/s0/log.txt,/home/<user>/wavesfm_vivor4_m2/phase2_vivor4/runs/20260403_004122-ngwn06/local_results/by_task/sensing/lp/s0/metadata.json,lp,pca,,/home/<user>/wavesfm_vivor4_m2/phase2_vivor4/runs/20260403_004122-ngwn06/local_results/by_task/sensing/lp/s0,fresh,0,20260403_004122-ngwn06,/home/<user>/wavesfm_vivor4_m2/phase2_vivor4/runs/20260403_004122-ngwn06,ok,sensing,Human Activity Sensing,97.13541666666667,0.5589123566945394,96.66667175292969,100.00000762939453,,,0.5806959867477417,,,,,,,,,,96.58978271484375,,,,
/home/<user>/wavesfm_vivor4_m2/phase2_vivor4/runs/20260403_004122-ngwn06/local_results/by_task/sensing/lp/s1/best.pth,log,59,pca,92.90040588378906,ngwn06,/home/<user>/wavesfm_vivor4_m2/phase2_vivor4/runs/20260403_004122-ngwn06/local_results/by_task/sensing/lp/s1/checkpoint_099.pth,['ngwn06'],ngwn06,/home/<user>/wavesfm_vivor4_m2/phase2_vivor4/runs/20260403_004122-ngwn06/local_results/by_task/sensing/lp/s1/log.txt,/home/<user>/wavesfm_vivor4_m2/phase2_vivor4/runs/20260403_004122-ngwn06/local_results/by_task/sensing/lp/s1/metadata.json,lp,pca,,/home/<user>/wavesfm_vivor4_m2/phase2_vivor4/runs/20260403_004122-ngwn06/local_results/by_task/sensing/lp/s1,fresh,1,20260403_004122-ngwn06,/home/<user>/wavesfm_vivor4_m2/phase2_vivor4/runs/20260403_004122-ngwn06,ok,sensing,Human Activity Sensing,93.48958333333333,0.5841764211654663,92.91667175292969,100.00000762939453,,,0.6042683124542236,,,,,,,,,,92.90040588378906,,,,
/home/<user>/wavesfm_vivor4_m2/phase2_vivor4/runs/20260403_004122-ngwn06/local_results/by_task/sensing/lp/s2/best.pth,log,72,pca,92.91325378417969,ngwn06,/home/<user>/wavesfm_vivor4_m2/phase2_vivor4/runs/20260403_004122-ngwn06/local_results/by_task/sensing/lp/s2/checkpoint_099.pth,['ngwn06'],ngwn06,/home/<user>/wavesfm_vivor4_m2/phase2_vivor4/runs/20260403_004122-ngwn06/local_results/by_task/sensing/lp/s2/log.txt,/home/<user>/wavesfm_vivor4_m2/phase2_vivor4/runs/20260403_004122-ngwn06/local_results/by_task/sensing/lp/s2/metadata.json,lp,pca,,/home/<user>/wavesfm_vivor4_m2/phase2_vivor4/runs/20260403_004122-ngwn06/local_results/by_task/sensing/lp/s2,fresh,2,20260403_004122-ngwn06,/home/<user>/wavesfm_vivor4_m2/phase2_vivor4/runs/20260403_004122-ngwn06,ok,sensing,Human Activity Sensing,93.88020833333333,0.602609912554423,92.50000762939453,100.00000762939453,,,0.6294237375259399,,,,,,,,,,92.91325378417969,,,,
/home/<user>/wavesfm_vivor4_m2/phase2_vivor4/runs/20260403_004122-ngwn06/local_results/by_task/sensing/ft2/s0/best.pth,log,39,pca,98.68663787841797,ngwn06,/home/<user>/wavesfm_vivor4_m2/phase2_vivor4/runs/20260403_004122-ngwn06/local_results/by_task/sensing/ft2/s0/checkpoint_099.pth,['ngwn06'],ngwn06,/home/<user>/wavesfm_vivor4_m2/phase2_vivor4/runs/20260403_004122-ngwn06/local_results/by_task/sensing/ft2/s0/log.txt,/home/<user>/wavesfm_vivor4_m2/phase2_vivor4/runs/20260403_004122-ngwn06/local_results/by_task/sensing/ft2/s0/metadata.json,ft2,pca,,/home/<user>/wavesfm_vivor4_m2/phase2_vivor4/runs/20260403_004122-ngwn06/local_results/by_task/sensing/ft2/s0,fresh,0,20260403_004122-ngwn06,/home/<user>/wavesfm_vivor4_m2/phase2_vivor4/runs/20260403_004122-ngwn06,ok,sensing,Human Activity Sensing,99.73958333333333,0.4333507517973582,98.75000762939453,100.00000762939453,,,0.46212536096572876,,,,,,,,,,98.68663787841797,,,,
/home/<user>/wavesfm_vivor4_m2/phase2_vivor4/runs/20260403_004122-ngwn06/local_results/by_task/sensing/ft2/s1/best.pth,log,34,pca,98.7242660522461,ngwn06,/home/<user>/wavesfm_vivor4_m2/phase2_vivor4/runs/20260403_004122-ngwn06/local_results/by_task/sensing/ft2/s1/checkpoint_099.pth,['ngwn06'],ngwn06,/home/<user>/wavesfm_vivor4_m2/phase2_vivor4/runs/20260403_004122-ngwn06/local_results/by_task/sensing/ft2/s1/log.txt,/home/<user>/wavesfm_vivor4_m2/phase2_vivor4/runs/20260403_004122-ngwn06/local_results/by_task/sensing/ft2/s1/metadata.json,ft2,pca,,/home/<user>/wavesfm_vivor4_m2/phase2_vivor4/runs/20260403_004122-ngwn06/local_results/by_task/sensing/ft2/s1,fresh,1,20260403_004122-ngwn06,/home/<user>/wavesfm_vivor4_m2/phase2_vivor4/runs/20260403_004122-ngwn06,ok,sensing,Human Activity Sensing,100.0,0.42285622159639996,98.75000762939453,100.00000762939453,,,0.45607423782348633,,,,,,,,,,98.7242660522461,,,,
/home/<user>/wavesfm_vivor4_m2/phase2_vivor4/runs/20260403_004122-ngwn06/local_results/by_task/sensing/ft2/s2/best.pth,log,27,pca,98.38631439208984,ngwn06,/home/<user>/wavesfm_vivor4_m2/phase2_vivor4/runs/20260403_004122-ngwn06/local_results/by_task/sensing/ft2/s2/checkpoint_099.pth,['ngwn06'],ngwn06,/home/<user>/wavesfm_vivor4_m2/phase2_vivor4/runs/20260403_004122-ngwn06/local_results/by_task/sensing/ft2/s2/log.txt,/home/<user>/wavesfm_vivor4_m2/phase2_vivor4/runs/20260403_004122-ngwn06/local_results/by_task/sensing/ft2/s2/metadata.json,ft2,pca,,/home/<user>/wavesfm_vivor4_m2/phase2_vivor4/runs/20260403_004122-ngwn06/local_results/by_task/sensing/ft2/s2,fresh,2,20260403_004122-ngwn06,/home/<user>/wavesfm_vivor4_m2/phase2_vivor4/runs/20260403_004122-ngwn06,ok,sensing,Human Activity Sensing,100.0,0.4317095975081126,98.33333587646484,100.00000762939453,,,0.47279834747314453,,,,,,,,,,98.38631439208984,,,,
/home/<user>/wavesfm_vivor4_m2/phase2_vivor4/runs/20260403_004122-ngwn06/local_results/by_task/sensing/lora/s0/best.pth,log,36,pca,98.61309814453125,ngwn06,/home/<user>/wavesfm_vivor4_m2/phase2_vivor4/runs/20260403_004122-ngwn06/local_results/by_task/sensing/lora/s0/checkpoint_099.pth,['ngwn06'],ngwn06,/home/<user>/wavesfm_vivor4_m2/phase2_vivor4/runs/20260403_004122-ngwn06/local_results/by_task/sensing/lora/s0/log.txt,/home/<user>/wavesfm_vivor4_m2/phase2_vivor4/runs/20260403_004122-ngwn06/local_results/by_task/sensing/lora/s0/metadata.json,lora,pca,,/home/<user>/wavesfm_vivor4_m2/phase2_vivor4/runs/20260403_004122-ngwn06/local_results/by_task/sensing/lora/s0,fresh,0,20260403_004122-ngwn06,/home/<user>/wavesfm_vivor4_m2/phase2_vivor4/runs/20260403_004122-ngwn06,ok,sensing,Human Activity Sensing,99.86979166666667,0.4282692571481069,98.75000762939453,100.00000762939453,,,0.4549178183078766,,,,,,,,,,98.61309814453125,,,,
/home/<user>/wavesfm_vivor4_m2/phase2_vivor4/runs/20260403_004122-ngwn06/local_results/by_task/sensing/lora/s1/best.pth,log,40,pca,99.12220764160156,ngwn06,/home/<user>/wavesfm_vivor4_m2/phase2_vivor4/runs/20260403_004122-ngwn06/local_results/by_task/sensing/lora/s1/checkpoint_099.pth,['ngwn06'],ngwn06,/home/<user>/wavesfm_vivor4_m2/phase2_vivor4/runs/20260403_004122-ngwn06/local_results/by_task/sensing/lora/s1/log.txt,/home/<user>/wavesfm_vivor4_m2/phase2_vivor4/runs/20260403_004122-ngwn06/local_results/by_task/sensing/lora/s1/metadata.json,lora,pca,,/home/<user>/wavesfm_vivor4_m2/phase2_vivor4/runs/20260403_004122-ngwn06/local_results/by_task/sensing/lora/s1,fresh,1,20260403_004122-ngwn06,/home/<user>/wavesfm_vivor4_m2/phase2_vivor4/runs/20260403_004122-ngwn06,ok,sensing,Human Activity Sensing,100.0,0.4237678349018097,99.16667175292969,100.00000762939453,,,0.45151105523109436,,,,,,,,,,99.12220764160156,,,,
/home/<user>/wavesfm_vivor4_m2/phase2_vivor4/runs/20260403_004122-ngwn06/local_results/by_task/sensing/lora/s2/best.pth,log,38,pca,98.37447357177734,ngwn06,/home/<user>/wavesfm_vivor4_m2/phase2_vivor4/runs/20260403_004122-ngwn06/local_results/by_task/sensing/lora/s2/checkpoint_099.pth,['ngwn06'],ngwn06,/home/<user>/wavesfm_vivor4_m2/phase2_vivor4/runs/20260403_004122-ngwn06/local_results/by_task/sensing/lora/s2/log.txt,/home/<user>/wavesfm_vivor4_m2/phase2_vivor4/runs/20260403_004122-ngwn06/local_results/by_task/sensing/lora/s2/metadata.json,lora,pca,,/home/<user>/wavesfm_vivor4_m2/phase2_vivor4/runs/20260403_004122-ngwn06/local_results/by_task/sensing/lora/s2,fresh,2,20260403_004122-ngwn06,/home/<user>/wavesfm_vivor4_m2/phase2_vivor4/runs/20260403_004122-ngwn06,ok,sensing,Human Activity Sensing,100.0,0.42749057213465375,98.33333587646484,100.00000762939453,,,0.46726030111312866,,,,,,,,,,98.37447357177734,,,,
/home/<user>/wavesfm_vivor4_m2/phase2_vivor4/runs/20260403_004122-ngwn06/local_results/by_task/pos/lp/s0/best.pth,log,98,mean_distance_error,3.1188981533050537,ngwn06,/home/<user>/wavesfm_vivor4_m2/phase2_vivor4/runs/20260403_004122-ngwn06/local_results/by_task/pos/lp/s0/checkpoint_099.pth,['ngwn06'],ngwn06,/home/<user>/wavesfm_vivor4_m2/phase2_vivor4/runs/20260403_004122-ngwn06/local_results/by_task/pos/lp/s0/log.txt,/home/<user>/wavesfm_vivor4_m2/phase2_vivor4/runs/20260403_004122-ngwn06/local_results/by_task/pos/lp/s0/metadata.json,lp,mean_error,,/home/<user>/wavesfm_vivor4_m2/phase2_vivor4/runs/20260403_004122-ngwn06/local_results/by_task/pos/lp/s0,fresh,0,20260403_004122-ngwn06,/home/<user>/wavesfm_vivor4_m2/phase2_vivor4/runs/20260403_004122-ngwn06,ok,pos,5G NR Positioning,,0.0039180317156327265,,,,,0.0044043610815800004,3.1188981533050537,3.1188981533050537,2.7510769367218018,2.7510769367218018,,4.1021504402160645,4.1021504402160645,5.668713569641113,5.668713569641113,,,,1.9352446794509888,1.9352446794509888
/home/<user>/wavesfm_vivor4_m2/phase2_vivor4/runs/20260403_004122-ngwn06/local_results/by_task/pos/lp/s1/best.pth,log,96,mean_distance_error,3.1089627742767334,ngwn06,/home/<user>/wavesfm_vivor4_m2/phase2_vivor4/runs/20260403_004122-ngwn06/local_results/by_task/pos/lp/s1/checkpoint_099.pth,['ngwn06'],ngwn06,/home/<user>/wavesfm_vivor4_m2/phase2_vivor4/runs/20260403_004122-ngwn06/local_results/by_task/pos/lp/s1/log.txt,/home/<user>/wavesfm_vivor4_m2/phase2_vivor4/runs/20260403_004122-ngwn06/local_results/by_task/pos/lp/s1/metadata.json,lp,mean_error,,/home/<user>/wavesfm_vivor4_m2/phase2_vivor4/runs/20260403_004122-ngwn06/local_results/by_task/pos/lp/s1,fresh,1,20260403_004122-ngwn06,/home/<user>/wavesfm_vivor4_m2/phase2_vivor4/runs/20260403_004122-ngwn06,ok,pos,5G NR Positioning,,0.003910145586511741,,,,,0.00439336664363822,3.1089627742767334,3.1089627742767334,2.658616304397583,2.658616304397583,,4.126590251922607,4.126590251922607,5.852529525756836,5.852529525756836,,,,1.9907286167144775,1.9907286167144775
/home/<user>/wavesfm_vivor4_m2/phase2_vivor4/runs/20260403_004122-ngwn06/local_results/by_task/pos/lp/s2/best.pth,log,95,mean_distance_error,3.1891157627105713,ngwn06,/home/<user>/wavesfm_vivor4_m2/phase2_vivor4/runs/20260403_004122-ngwn06/local_results/by_task/pos/lp/s2/checkpoint_099.pth,['ngwn06'],ngwn06,/home/<user>/wavesfm_vivor4_m2/phase2_vivor4/runs/20260403_004122-ngwn06/local_results/by_task/pos/lp/s2/log.txt,/home/<user>/wavesfm_vivor4_m2/phase2_vivor4/runs/20260403_004122-ngwn06/local_results/by_task/pos/lp/s2/metadata.json,lp,mean_error,,/home/<user>/wavesfm_vivor4_m2/phase2_vivor4/runs/20260403_004122-ngwn06/local_results/by_task/pos/lp/s2,fresh,2,20260403_004122-ngwn06,/home/<user>/wavesfm_vivor4_m2/phase2_vivor4/runs/20260403_004122-ngwn06,ok,pos,5G NR Positioning,,0.004062145456878675,,,,,0.0046332715818237875,3.1891157627105713,3.1891157627105713,2.795478582382202,2.795478582382202,,4.174756050109863,4.174756050109863,5.873876094818115,5.873876094818115,,,,2.0291640758514404,2.0291640758514404
/home/<user>/wavesfm_vivor4_m2/phase2_vivor4/runs/20260403_004122-ngwn06/local_results/by_task/pos/ft2/s0/best.pth,log,97,mean_distance_error,1.3759478330612183,ngwn06,/home/<user>/wavesfm_vivor4_m2/phase2_vivor4/runs/20260403_004122-ngwn06/local_results/by_task/pos/ft2/s0/checkpoint_099.pth,['ngwn06'],ngwn06,/home/<user>/wavesfm_vivor4_m2/phase2_vivor4/runs/20260403_004122-ngwn06/local_results/by_task/pos/ft2/s0/log.txt,/home/<user>/wavesfm_vivor4_m2/phase2_vivor4/runs/20260403_004122-ngwn06/local_results/by_task/pos/ft2/s0/metadata.json,ft2,mean_error,,/home/<user>/wavesfm_vivor4_m2/phase2_vivor4/runs/20260403_004122-ngwn06/local_results/by_task/pos/ft2/s0,fresh,0,20260403_004122-ngwn06,/home/<user>/wavesfm_vivor4_m2/phase2_vivor4/runs/20260403_004122-ngwn06,ok,pos,5G NR Positioning,,1.3839488600650737e-05,,,,,0.0010899626442121082,1.3759478330612183,1.3759478330612183,0.9294841885566711,0.9294841885566711,,1.7737345695495605,1.7737345695495605,3.087388753890991,3.087388753890991,,,,1.285479187965393,1.285479187965393
/home/<user>/wavesfm_vivor4_m2/phase2_vivor4/runs/20260403_004122-ngwn06/local_results/by_task/pos/ft2/s1/best.pth,log,98,mean_distance_error,1.2220605611801147,ngwn06,/home/<user>/wavesfm_vivor4_m2/phase2_vivor4/runs/20260403_004122-ngwn06/local_results/by_task/pos/ft2/s1/checkpoint_099.pth,['ngwn06'],ngwn06,/home/<user>/wavesfm_vivor4_m2/phase2_vivor4/runs/20260403_004122-ngwn06/local_results/by_task/pos/ft2/s1/log.txt,/home/<user>/wavesfm_vivor4_m2/phase2_vivor4/runs/20260403_004122-ngwn06/local_results/by_task/pos/ft2/s1/metadata.json,ft2,mean_error,,/home/<user>/wavesfm_vivor4_m2/phase2_vivor4/runs/20260403_004122-ngwn06/local_results/by_task/pos/ft2/s1,fresh,1,20260403_004122-ngwn06,/home/<user>/wavesfm_vivor4_m2/phase2_vivor4/runs/20260403_004122-ngwn06,ok,pos,5G NR Positioning,,1.577937066738539e-05,,,,,0.0008877070173771391,1.2220605611801147,1.2220605611801147,0.8080414533615112,0.8080414533615112,,1.605883240699768,1.605883240699768,2.6553471088409424,2.6553471088409424,,,,1.2010678052902222,1.2010678052902222
/home/<user>/wavesfm_vivor4_m2/phase2_vivor4/runs/20260403_004122-ngwn06/local_results/by_task/pos/ft2/s2/best.pth,log,99,mean_distance_error,1.1819190979003906,ngwn06,/home/<user>/wavesfm_vivor4_m2/phase2_vivor4/runs/20260403_004122-ngwn06/local_results/by_task/pos/ft2/s2/checkpoint_099.pth,['ngwn06'],ngwn06,/home/<user>/wavesfm_vivor4_m2/phase2_vivor4/runs/20260403_004122-ngwn06/local_results/by_task/pos/ft2/s2/log.txt,/home/<user>/wavesfm_vivor4_m2/phase2_vivor4/runs/20260403_004122-ngwn06/local_results/by_task/pos/ft2/s2/metadata.json,ft2,mean_error,,/home/<user>/wavesfm_vivor4_m2/phase2_vivor4/runs/20260403_004122-ngwn06/local_results/by_task/pos/ft2/s2,fresh,2,20260403_004122-ngwn06,/home/<user>/wavesfm_vivor4_m2/phase2_vivor4/runs/20260403_004122-ngwn06,ok,pos,5G NR Positioning,,1.3710751141439283e-05,,,,,0.0008297775896586557,1.1819190979003906,1.1819190979003906,0.7931613326072693,0.7931613326072693,,1.520033359527588,1.520033359527588,2.6410114765167236,2.6410114765167236,,,,1.1579400300979614,1.1579400300979614
/home/<user>/wavesfm_vivor4_m2/phase2_vivor4/runs/20260403_004122-ngwn06/local_results/by_task/pos/lora/s0/best.pth,log,84,mean_distance_error,1.5790023803710938,ngwn06,/home/<user>/wavesfm_vivor4_m2/phase2_vivor4/runs/20260403_004122-ngwn06/local_results/by_task/pos/lora/s0/checkpoint_099.pth,['ngwn06'],ngwn06,/home/<user>/wavesfm_vivor4_m2/phase2_vivor4/runs/20260403_004122-ngwn06/local_results/by_task/pos/lora/s0/log.txt,/home/<user>/wavesfm_vivor4_m2/phase2_vivor4/runs/20260403_004122-ngwn06/local_results/by_task/pos/lora/s0/metadata.json,lora,mean_error,,/home/<user>/wavesfm_vivor4_m2/phase2_vivor4/runs/20260403_004122-ngwn06/local_results/by_task/pos/lora/s0,fresh,0,20260403_004122-ngwn06,/home/<user>/wavesfm_vivor4_m2/phase2_vivor4/runs/20260403_004122-ngwn06,ok,pos,5G NR Positioning,,4.3677648944948385e-05,,,,,0.0013606409007002429,1.5790023803710938,1.5790023803710938,1.1274337768554688,1.1274337768554688,,2.1301424503326416,2.1301424503326416,3.434945821762085,3.434945821762085,,,,1.3949716091156006,1.3949716091156006
/home/<user>/wavesfm_vivor4_m2/phase2_vivor4/runs/20260403_004122-ngwn06/local_results/by_task/pos/lora/s1/best.pth,log,77,mean_distance_error,1.4140231609344482,ngwn06,/home/<user>/wavesfm_vivor4_m2/phase2_vivor4/runs/20260403_004122-ngwn06/local_results/by_task/pos/lora/s1/checkpoint_099.pth,['ngwn06'],ngwn06,/home/<user>/wavesfm_vivor4_m2/phase2_vivor4/runs/20260403_004122-ngwn06/local_results/by_task/pos/lora/s1/log.txt,/home/<user>/wavesfm_vivor4_m2/phase2_vivor4/runs/20260403_004122-ngwn06/local_results/by_task/pos/lora/s1/metadata.json,lora,mean_error,,/home/<user>/wavesfm_vivor4_m2/phase2_vivor4/runs/20260403_004122-ngwn06/local_results/by_task/pos/lora/s1,fresh,1,20260403_004122-ngwn06,/home/<user>/wavesfm_vivor4_m2/phase2_vivor4/runs/20260403_004122-ngwn06,ok,pos,5G NR Positioning,,4.486258290449364e-05,,,,,0.0011474471792118043,1.4140231609344482,1.4140231609344482,0.9577245712280273,0.9577245712280273,,1.8378647565841675,1.8378647565841675,3.069502592086792,3.069502592086792,,,,1.3265063762664795,1.3265063762664795
/home/<user>/wavesfm_vivor4_m2/phase2_vivor4/runs/20260403_004122-ngwn06/local_results/by_task/pos/lora/s2/best.pth,log,86,mean_distance_error,1.5222687721252441,ngwn06,/home/<user>/wavesfm_vivor4_m2/phase2_vivor4/runs/20260403_004122-ngwn06/local_results/by_task/pos/lora/s2/checkpoint_099.pth,['ngwn06'],ngwn06,/home/<user>/wavesfm_vivor4_m2/phase2_vivor4/runs/20260403_004122-ngwn06/local_results/by_task/pos/lora/s2/log.txt,/home/<user>/wavesfm_vivor4_m2/phase2_vivor4/runs/20260403_004122-ngwn06/local_results/by_task/pos/lora/s2/metadata.json,lora,mean_error,,/home/<user>/wavesfm_vivor4_m2/phase2_vivor4/runs/20260403_004122-ngwn06/local_results/by_task/pos/lora/s2,fresh,2,20260403_004122-ngwn06,/home/<user>/wavesfm_vivor4_m2/phase2_vivor4/runs/20260403_004122-ngwn06,ok,pos,5G NR Positioning,,4.028163311886601e-05,,,,,0.00135376329363514,1.5222687721252441,1.5222687721252441,1.0416167974472046,1.0416167974472046,,1.966172218322754,1.966172218322754,3.3197927474975586,3.3197927474975586,,,,1.4012998342514038,1.4012998342514038
/home/<user>/wavesfm_vivor4_m2/phase2_vivor4/runs/20260403_004122-ngwn06/local_results/by_task/radcom/lp/s0/best.pth,log,48,pca,90.10525512695312,ngwn06,/home/<user>/wavesfm_vivor4_m2/phase2_vivor4/runs/20260403_004122-ngwn06/local_results/by_task/radcom/lp/s0/checkpoint_049.pth,['ngwn06'],ngwn06,/home/<user>/wavesfm_vivor4_m2/phase2_vivor4/runs/20260403_004122-ngwn06/local_results/by_task/radcom/lp/s0/log.txt,/home/<user>/wavesfm_vivor4_m2/phase2_vivor4/runs/20260403_004122-ngwn06/local_results/by_task/radcom/lp/s0/metadata.json,lp,pca,,/home/<user>/wavesfm_vivor4_m2/phase2_vivor4/runs/20260403_004122-ngwn06/local_results/by_task/radcom/lp/s0,fresh,0,20260403_004122-ngwn06,/home/<user>/wavesfm_vivor4_m2/phase2_vivor4/runs/20260403_004122-ngwn06,ok,radcom,RADCOM Signal Classification,90.37953372454751,0.21965542617696443,90.14021166981424,99.97001765283117,,,0.22495861721627505,,,,,90.15961199294533,,,,,90.10525512695312,,94.68694885361552,,
/home/<user>/wavesfm_vivor4_m2/phase2_vivor4/runs/20260403_004122-ngwn06/local_results/by_task/radcom/lp/s1/best.pth,log,46,pca,90.06912231445312,ngwn06,/home/<user>/wavesfm_vivor4_m2/phase2_vivor4/runs/20260403_004122-ngwn06/local_results/by_task/radcom/lp/s1/checkpoint_049.pth,['ngwn06'],ngwn06,/home/<user>/wavesfm_vivor4_m2/phase2_vivor4/runs/20260403_004122-ngwn06/local_results/by_task/radcom/lp/s1/log.txt,/home/<user>/wavesfm_vivor4_m2/phase2_vivor4/runs/20260403_004122-ngwn06/local_results/by_task/radcom/lp/s1/metadata.json,lp,pca,,/home/<user>/wavesfm_vivor4_m2/phase2_vivor4/runs/20260403_004122-ngwn06/local_results/by_task/radcom/lp/s1,fresh,1,20260403_004122-ngwn06,/home/<user>/wavesfm_vivor4_m2/phase2_vivor4/runs/20260403_004122-ngwn06,ok,radcom,RADCOM Signal Classification,90.29645962952489,0.22152902131976046,90.10670194810871,99.97354502467672,,,0.2250879872791351,,,,,90.12169312169313,,,,,90.06912231445312,,94.72134038800705,,
/home/<user>/wavesfm_vivor4_m2/phase2_vivor4/runs/20260403_004122-ngwn06/local_results/by_task/radcom/lp/s2/best.pth,log,46,pca,90.1939926147461,ngwn06,/home/<user>/wavesfm_vivor4_m2/phase2_vivor4/runs/20260403_004122-ngwn06/local_results/by_task/radcom/lp/s2/checkpoint_049.pth,['ngwn06'],ngwn06,/home/<user>/wavesfm_vivor4_m2/phase2_vivor4/runs/20260403_004122-ngwn06/local_results/by_task/radcom/lp/s2/log.txt,/home/<user>/wavesfm_vivor4_m2/phase2_vivor4/runs/20260403_004122-ngwn06/local_results/by_task/radcom/lp/s2/metadata.json,lp,pca,,/home/<user>/wavesfm_vivor4_m2/phase2_vivor4/runs/20260403_004122-ngwn06/local_results/by_task/radcom/lp/s2,fresh,2,20260403_004122-ngwn06,/home/<user>/wavesfm_vivor4_m2/phase2_vivor4/runs/20260403_004122-ngwn06,ok,radcom,RADCOM Signal Classification,90.40538390837104,0.22004123295054717,90.16137570712512,99.97442684005388,,,0.22621094897941307,,,,,90.18165784832452,,,,,90.1939926147461,,94.7610229276896,,
/home/<user>/wavesfm_vivor4_m2/phase2_vivor4/runs/20260403_004122-ngwn06/local_results/by_task/radcom/ft2/s0/best.pth,log,48,pca,94.58499908447266,ngwn06,/home/<user>/wavesfm_vivor4_m2/phase2_vivor4/runs/20260403_004122-ngwn06/local_results/by_task/radcom/ft2/s0/checkpoint_049.pth,['ngwn06'],ngwn06,/home/<user>/wavesfm_vivor4_m2/phase2_vivor4/runs/20260403_004122-ngwn06/local_results/by_task/radcom/ft2/s0/log.txt,/home/<user>/wavesfm_vivor4_m2/phase2_vivor4/runs/20260403_004122-ngwn06/local_results/by_task/radcom/ft2/s0/metadata.json,ft2,pca,,/home/<user>/wavesfm_vivor4_m2/phase2_vivor4/runs/20260403_004122-ngwn06/local_results/by_task/radcom/ft2/s0,fresh,0,20260403_004122-ngwn06,/home/<user>/wavesfm_vivor4_m2/phase2_vivor4/runs/20260403_004122-ngwn06,ok,radcom,RADCOM Signal Classification,95.70997419400453,0.0948666247172593,94.60141093743542,99.96208117987953,,,0.15011669346054185,,,,,94.60141093474427,,,,,94.58499908447266,,97.1710758377425,,
/home/<user>/wavesfm_vivor4_m2/phase2_vivor4/runs/20260403_004122-ngwn06/local_results/by_task/radcom/ft2/s1/best.pth,log,48,pca,94.68816375732422,ngwn06,/home/<user>/wavesfm_vivor4_m2/phase2_vivor4/runs/20260403_004122-ngwn06/local_results/by_task/radcom/ft2/s1/checkpoint_049.pth,['ngwn06'],ngwn06,/home/<user>/wavesfm_vivor4_m2/phase2_vivor4/runs/20260403_004122-ngwn06/local_results/by_task/radcom/ft2/s1/log.txt,/home/<user>/wavesfm_vivor4_m2/phase2_vivor4/runs/20260403_004122-ngwn06/local_results/by_task/radcom/ft2/s1/metadata.json,ft2,pca,,/home/<user>/wavesfm_vivor4_m2/phase2_vivor4/runs/20260403_004122-ngwn06/local_results/by_task/radcom/ft2/s1,fresh,1,20260403_004122-ngwn06,/home/<user>/wavesfm_vivor4_m2/phase2_vivor4/runs/20260403_004122-ngwn06,ok,radcom,RADCOM Signal Classification,95.73670814479638,0.09516743890840004,94.70282187487082,99.94268079216097,,,0.1499690609671031,,,,,94.7063492063492,,,,,94.68816375732422,,97.28130511463844,,
/home/<user>/wavesfm_vivor4_m2/phase2_vivor4/runs/20260403_004122-ngwn06/local_results/by_task/radcom/ft2/s2/best.pth,log,47,pca,94.57122039794922,ngwn06,/home/<user>/wavesfm_vivor4_m2/phase2_vivor4/runs/20260403_004122-ngwn06/local_results/by_task/radcom/ft2/s2/checkpoint_049.pth,['ngwn06'],ngwn06,/home/<user>/wavesfm_vivor4_m2/phase2_vivor4/runs/20260403_004122-ngwn06/local_results/by_task/radcom/ft2/s2/log.txt,/home/<user>/wavesfm_vivor4_m2/phase2_vivor4/runs/20260403_004122-ngwn06/local_results/by_task/radcom/ft2/s2/metadata.json,ft2,pca,,/home/<user>/wavesfm_vivor4_m2/phase2_vivor4/runs/20260403_004122-ngwn06/local_results/by_task/radcom/ft2/s2,fresh,2,20260403_004122-ngwn06,/home/<user>/wavesfm_vivor4_m2/phase2_vivor4/runs/20260403_004122-ngwn06,ok,radcom,RADCOM Signal Classification,95.60568969174209,0.0974920288200292,94.55467376978099,99.94532632979136,,,0.15106353430731168,,,,,94.55555555555556,,,,,94.57122039794922,,97.2442680776014,,
/home/<user>/wavesfm_vivor4_m2/phase2_vivor4/runs/20260403_004122-ngwn06/local_results/by_task/radcom/lora/s0/best.pth,log,47,pca,93.97075653076172,ngwn06,/home/<user>/wavesfm_vivor4_m2/phase2_vivor4/runs/20260403_004122-ngwn06/local_results/by_task/radcom/lora/s0/checkpoint_049.pth,['ngwn06'],ngwn06,/home/<user>/wavesfm_vivor4_m2/phase2_vivor4/runs/20260403_004122-ngwn06/local_results/by_task/radcom/lora/s0/log.txt,/home/<user>/wavesfm_vivor4_m2/phase2_vivor4/runs/20260403_004122-ngwn06/local_results/by_task/radcom/lora/s0/metadata.json,lora,pca,,/home/<user>/wavesfm_vivor4_m2/phase2_vivor4/runs/20260403_004122-ngwn06/local_results/by_task/radcom/lora/s0,fresh,0,20260403_004122-ngwn06,/home/<user>/wavesfm_vivor4_m2/phase2_vivor4/runs/20260403_004122-ngwn06,ok,radcom,RADCOM Signal Classification,94.81560202205883,0.11718957132883201,93.9876543721194,99.98589070368907,,,0.14188926215735273,,,,,93.994708994709,,,,,93.97075653076172,,96.84832451499118,,
/home/<user>/wavesfm_vivor4_m2/phase2_vivor4/runs/20260403_004122-ngwn06/local_results/by_task/radcom/lora/s1/best.pth,log,48,pca,93.7310562133789,ngwn06,/home/<user>/wavesfm_vivor4_m2/phase2_vivor4/runs/20260403_004122-ngwn06/local_results/by_task/radcom/lora/s1/checkpoint_049.pth,['ngwn06'],ngwn06,/home/<user>/wavesfm_vivor4_m2/phase2_vivor4/runs/20260403_004122-ngwn06/local_results/by_task/radcom/lora/s1/log.txt,/home/<user>/wavesfm_vivor4_m2/phase2_vivor4/runs/20260403_004122-ngwn06/local_results/by_task/radcom/lora/s1/metadata.json,lora,pca,,/home/<user>/wavesfm_vivor4_m2/phase2_vivor4/runs/20260403_004122-ngwn06/local_results/by_task/radcom/lora/s1,fresh,1,20260403_004122-ngwn06,/home/<user>/wavesfm_vivor4_m2/phase2_vivor4/runs/20260403_004122-ngwn06,ok,radcom,RADCOM Signal Classification,94.25927071549773,0.12992196607643663,93.74867726751526,99.9876543721194,,,0.1473147335443547,,,,,93.75749559082892,,,,,93.7310562133789,,96.668430335097,,
/home/<user>/wavesfm_vivor4_m2/phase2_vivor4/runs/20260403_004122-ngwn06/local_results/by_task/radcom/lora/s2/best.pth,log,48,pca,94.49456024169922,ngwn06,/home/<user>/wavesfm_vivor4_m2/phase2_vivor4/runs/20260403_004122-ngwn06/local_results/by_task/radcom/lora/s2/checkpoint_049.pth,['ngwn06'],ngwn06,/home/<user>/wavesfm_vivor4_m2/phase2_vivor4/runs/20260403_004122-ngwn06/local_results/by_task/radcom/lora/s2/log.txt,/home/<user>/wavesfm_vivor4_m2/phase2_vivor4/runs/20260403_004122-ngwn06/local_results/by_task/radcom/lora/s2/metadata.json,lora,pca,,/home/<user>/wavesfm_vivor4_m2/phase2_vivor4/runs/20260403_004122-ngwn06/local_results/by_task/radcom/lora/s2,fresh,2,20260403_004122-ngwn06,/home/<user>/wavesfm_vivor4_m2/phase2_vivor4/runs/20260403_004122-ngwn06,ok,radcom,RADCOM Signal Classification,95.13176965497738,0.11047947639388736,94.4735449870007,99.98853620633457,,,0.12894641924577205,,,,,94.48059964726632,,,,,94.49456024169922,,97.1305114638448,,
/home/<user>/wavesfm_vivor4_m2/phase2_vivor4/runs/20260403_004122-ngwn06/local_results/by_task/uwb-indoor/lp/s0/best.pth,log,47,mean_distance_error,1.436172366142273,ngwn06,/home/<user>/wavesfm_vivor4_m2/phase2_vivor4/runs/20260403_004122-ngwn06/local_results/by_task/uwb-indoor/lp/s0/checkpoint_049.pth,['ngwn06'],ngwn06,/home/<user>/wavesfm_vivor4_m2/phase2_vivor4/runs/20260403_004122-ngwn06/local_results/by_task/uwb-indoor/lp/s0/log.txt,/home/<user>/wavesfm_vivor4_m2/phase2_vivor4/runs/20260403_004122-ngwn06/local_results/by_task/uwb-indoor/lp/s0/metadata.json,lp,mean_error,,/home/<user>/wavesfm_vivor4_m2/phase2_vivor4/runs/20260403_004122-ngwn06/local_results/by_task/uwb-indoor/lp/s0,fresh,0,20260403_004122-ngwn06,/home/<user>/wavesfm_vivor4_m2/phase2_vivor4/runs/20260403_004122-ngwn06,ok,uwb-indoor,UWB Indoor Positioning,,0.07966676688924128,,,,,0.08277357833672173,1.436172366142273,1.436172366142273,1.256259560585022,1.256259560585022,,1.8929802179336548,1.8929802179336548,2.65956711769104,2.65956711769104,,,,0.9424851536750793,0.9424851536750793
/home/<user>/wavesfm_vivor4_m2/phase2_vivor4/runs/20260403_004122-ngwn06/local_results/by_task/uwb-indoor/lp/s1/best.pth,log,49,mean_distance_error,1.4660922288894653,ngwn06,/home/<user>/wavesfm_vivor4_m2/phase2_vivor4/runs/20260403_004122-ngwn06/local_results/by_task/uwb-indoor/lp/s1/checkpoint_049.pth,['ngwn06'],ngwn06,/home/<user>/wavesfm_vivor4_m2/phase2_vivor4/runs/20260403_004122-ngwn06/local_results/by_task/uwb-indoor/lp/s1/log.txt,/home/<user>/wavesfm_vivor4_m2/phase2_vivor4/runs/20260403_004122-ngwn06/local_results/by_task/uwb-indoor/lp/s1/metadata.json,lp,mean_error,,/home/<user>/wavesfm_vivor4_m2/phase2_vivor4/runs/20260403_004122-ngwn06/local_results/by_task/uwb-indoor/lp/s1,fresh,1,20260403_004122-ngwn06,/home/<user>/wavesfm_vivor4_m2/phase2_vivor4/runs/20260403_004122-ngwn06,ok,uwb-indoor,UWB Indoor Positioning,,0.07878391961662137,,,,,0.08757394044836865,1.4660922288894653,1.4660922288894653,1.2627110481262207,1.2627110481262207,,1.9442392587661743,1.9442392587661743,2.7125093936920166,2.7125093936920166,,,,0.9701440930366516,0.9701440930366516
/home/<user>/wavesfm_vivor4_m2/phase2_vivor4/runs/20260403_004122-ngwn06/local_results/by_task/uwb-indoor/lp/s2/best.pth,log,49,mean_distance_error,1.4209723472595215,ngwn06,/home/<user>/wavesfm_vivor4_m2/phase2_vivor4/runs/20260403_004122-ngwn06/local_results/by_task/uwb-indoor/lp/s2/checkpoint_049.pth,['ngwn06'],ngwn06,/home/<user>/wavesfm_vivor4_m2/phase2_vivor4/runs/20260403_004122-ngwn06/local_results/by_task/uwb-indoor/lp/s2/log.txt,/home/<user>/wavesfm_vivor4_m2/phase2_vivor4/runs/20260403_004122-ngwn06/local_results/by_task/uwb-indoor/lp/s2/metadata.json,lp,mean_error,,/home/<user>/wavesfm_vivor4_m2/phase2_vivor4/runs/20260403_004122-ngwn06/local_results/by_task/uwb-indoor/lp/s2,fresh,2,20260403_004122-ngwn06,/home/<user>/wavesfm_vivor4_m2/phase2_vivor4/runs/20260403_004122-ngwn06,ok,uwb-indoor,UWB Indoor Positioning,,0.07868867261069161,,,,,0.08389646327948269,1.4209723472595215,1.4209723472595215,1.2300175428390503,1.2300175428390503,,1.8753933906555176,1.8753933906555176,2.6519436836242676,2.6519436836242676,,,,0.9320400953292847,0.9320400953292847
/home/<user>/wavesfm_vivor4_m2/phase2_vivor4/runs/20260403_004122-ngwn06/local_results/by_task/uwb-indoor/ft2/s0/best.pth,log,27,mean_distance_error,0.8298760056495667,ngwn06,/home/<user>/wavesfm_vivor4_m2/phase2_vivor4/runs/20260403_004122-ngwn06/local_results/by_task/uwb-indoor/ft2/s0/checkpoint_049.pth,['ngwn06'],ngwn06,/home/<user>/wavesfm_vivor4_m2/phase2_vivor4/runs/20260403_004122-ngwn06/local_results/by_task/uwb-indoor/ft2/s0/log.txt,/home/<user>/wavesfm_vivor4_m2/phase2_vivor4/runs/20260403_004122-ngwn06/local_results/by_task/uwb-indoor/ft2/s0/metadata.json,ft2,mean_error,,/home/<user>/wavesfm_vivor4_m2/phase2_vivor4/runs/20260403_004122-ngwn06/local_results/by_task/uwb-indoor/ft2/s0,fresh,0,20260403_004122-ngwn06,/home/<user>/wavesfm_vivor4_m2/phase2_vivor4/runs/20260403_004122-ngwn06,ok,uwb-indoor,UWB Indoor Positioning,,0.002775911507861955,,,,,0.03753362115048155,0.8298760056495667,0.8298760056495667,0.5919789671897888,0.5919789671897888,,1.0576318502426147,1.0576318502426147,1.7335360050201416,1.7335360050201416,,,,0.8066027164459229,0.8066027164459229
/home/<user>/wavesfm_vivor4_m2/phase2_vivor4/runs/20260403_004122-ngwn06/local_results/by_task/uwb-indoor/ft2/s1/best.pth,log,25,mean_distance_error,0.8271028399467468,ngwn06,/home/<user>/wavesfm_vivor4_m2/phase2_vivor4/runs/20260403_004122-ngwn06/local_results/by_task/uwb-indoor/ft2/s1/checkpoint_049.pth,['ngwn06'],ngwn06,/home/<user>/wavesfm_vivor4_m2/phase2_vivor4/runs/20260403_004122-ngwn06/local_results/by_task/uwb-indoor/ft2/s1/log.txt,/home/<user>/wavesfm_vivor4_m2/phase2_vivor4/runs/20260403_004122-ngwn06/local_results/by_task/uwb-indoor/ft2/s1/metadata.json,ft2,mean_error,,/home/<user>/wavesfm_vivor4_m2/phase2_vivor4/runs/20260403_004122-ngwn06/local_results/by_task/uwb-indoor/ft2/s1,fresh,1,20260403_004122-ngwn06,/home/<user>/wavesfm_vivor4_m2/phase2_vivor4/runs/20260403_004122-ngwn06,ok,uwb-indoor,UWB Indoor Positioning,,0.003308157027908126,,,,,0.03763604595597032,0.8271028399467468,0.8271028399467468,0.605724036693573,0.605724036693573,,1.071824312210083,1.071824312210083,1.716293215751648,1.716293215751648,,,,0.7781469225883484,0.7781469225883484
/home/<user>/wavesfm_vivor4_m2/phase2_vivor4/runs/20260403_004122-ngwn06/local_results/by_task/uwb-indoor/ft2/s2/best.pth,log,24,mean_distance_error,0.8157320618629456,ngwn06,/home/<user>/wavesfm_vivor4_m2/phase2_vivor4/runs/20260403_004122-ngwn06/local_results/by_task/uwb-indoor/ft2/s2/checkpoint_049.pth,['ngwn06'],ngwn06,/home/<user>/wavesfm_vivor4_m2/phase2_vivor4/runs/20260403_004122-ngwn06/local_results/by_task/uwb-indoor/ft2/s2/log.txt,/home/<user>/wavesfm_vivor4_m2/phase2_vivor4/runs/20260403_004122-ngwn06/local_results/by_task/uwb-indoor/ft2/s2/metadata.json,ft2,mean_error,,/home/<user>/wavesfm_vivor4_m2/phase2_vivor4/runs/20260403_004122-ngwn06/local_results/by_task/uwb-indoor/ft2/s2,fresh,2,20260403_004122-ngwn06,/home/<user>/wavesfm_vivor4_m2/phase2_vivor4/runs/20260403_004122-ngwn06,ok,uwb-indoor,UWB Indoor Positioning,,0.0036507410006787703,,,,,0.03500467560525182,0.8157320618629456,0.8157320618629456,0.5969300866127014,0.5969300866127014,,1.0657943487167358,1.0657943487167358,1.6925694942474365,1.6925694942474365,,,,0.7523841857910156,0.7523841857910156
/home/<user>/wavesfm_vivor4_m2/phase2_vivor4/runs/20260403_004122-ngwn06/local_results/by_task/uwb-indoor/lora/s0/best.pth,log,32,mean_distance_error,0.6245537400245667,ngwn06,/home/<user>/wavesfm_vivor4_m2/phase2_vivor4/runs/20260403_004122-ngwn06/local_results/by_task/uwb-indoor/lora/s0/checkpoint_049.pth,['ngwn06'],ngwn06,/home/<user>/wavesfm_vivor4_m2/phase2_vivor4/runs/20260403_004122-ngwn06/local_results/by_task/uwb-indoor/lora/s0/log.txt,/home/<user>/wavesfm_vivor4_m2/phase2_vivor4/runs/20260403_004122-ngwn06/local_results/by_task/uwb-indoor/lora/s0/metadata.json,lora,mean_error,,/home/<user>/wavesfm_vivor4_m2/phase2_vivor4/runs/20260403_004122-ngwn06/local_results/by_task/uwb-indoor/lora/s0,fresh,0,20260403_004122-ngwn06,/home/<user>/wavesfm_vivor4_m2/phase2_vivor4/runs/20260403_004122-ngwn06,ok,uwb-indoor,UWB Indoor Positioning,,0.003549233777448535,,,,,0.019299877317080015,0.6245537400245667,0.6245537400245667,0.48455336689949036,0.48455336689949036,,0.8251445889472961,0.8251445889472961,1.2454211711883545,1.2454211711883545,,,,0.5077365636825562,0.5077365636825562
/home/<user>/wavesfm_vivor4_m2/phase2_vivor4/runs/20260403_004122-ngwn06/local_results/by_task/uwb-indoor/lora/s1/best.pth,log,24,mean_distance_error,0.6627370119094849,ngwn06,/home/<user>/wavesfm_vivor4_m2/phase2_vivor4/runs/20260403_004122-ngwn06/local_results/by_task/uwb-indoor/lora/s1/checkpoint_049.pth,['ngwn06'],ngwn06,/home/<user>/wavesfm_vivor4_m2/phase2_vivor4/runs/20260403_004122-ngwn06/local_results/by_task/uwb-indoor/lora/s1/log.txt,/home/<user>/wavesfm_vivor4_m2/phase2_vivor4/runs/20260403_004122-ngwn06/local_results/by_task/uwb-indoor/lora/s1/metadata.json,lora,mean_error,,/home/<user>/wavesfm_vivor4_m2/phase2_vivor4/runs/20260403_004122-ngwn06/local_results/by_task/uwb-indoor/lora/s1,fresh,1,20260403_004122-ngwn06,/home/<user>/wavesfm_vivor4_m2/phase2_vivor4/runs/20260403_004122-ngwn06,ok,uwb-indoor,UWB Indoor Positioning,,0.005200264490760711,,,,,0.023250566998237295,0.6627370119094849,0.6627370119094849,0.5058457255363464,0.5058457255363464,,0.8438204526901245,0.8438204526901245,1.3606634140014648,1.3606634140014648,,,,0.6068968176841736,0.6068968176841736
/home/<user>/wavesfm_vivor4_m2/phase2_vivor4/runs/20260403_004122-ngwn06/local_results/by_task/uwb-indoor/lora/s2/best.pth,log,27,mean_distance_error,0.6492779850959778,ngwn06,/home/<user>/wavesfm_vivor4_m2/phase2_vivor4/runs/20260403_004122-ngwn06/local_results/by_task/uwb-indoor/lora/s2/checkpoint_049.pth,['ngwn06'],ngwn06,/home/<user>/wavesfm_vivor4_m2/phase2_vivor4/runs/20260403_004122-ngwn06/local_results/by_task/uwb-indoor/lora/s2/log.txt,/home/<user>/wavesfm_vivor4_m2/phase2_vivor4/runs/20260403_004122-ngwn06/local_results/by_task/uwb-indoor/lora/s2/metadata.json,lora,mean_error,,/home/<user>/wavesfm_vivor4_m2/phase2_vivor4/runs/20260403_004122-ngwn06/local_results/by_task/uwb-indoor/lora/s2,fresh,2,20260403_004122-ngwn06,/home/<user>/wavesfm_vivor4_m2/phase2_vivor4/runs/20260403_004122-ngwn06,ok,uwb-indoor,UWB Indoor Positioning,,0.0041283606076423,,,,,0.021962812010057366,0.6492779850959778,0.6492779850959778,0.5020038485527039,0.5020038485527039,,0.8410844206809998,0.8410844206809998,1.3037232160568237,1.3037232160568237,,,,0.5966129302978516,0.5966129302978516
/home/<user>/wavesfm_vivor4_m2/phase2_vivor4/runs/20260403_004122-ngwn06/local_results/by_task/uwb-industrial/lp/s0/best.pth,log,49,mean_distance_error,2.7246246337890625,ngwn06,/home/<user>/wavesfm_vivor4_m2/phase2_vivor4/runs/20260403_004122-ngwn06/local_results/by_task/uwb-industrial/lp/s0/checkpoint_049.pth,['ngwn06'],ngwn06,/home/<user>/wavesfm_vivor4_m2/phase2_vivor4/runs/20260403_004122-ngwn06/local_results/by_task/uwb-industrial/lp/s0/log.txt,/home/<user>/wavesfm_vivor4_m2/phase2_vivor4/runs/20260403_004122-ngwn06/local_results/by_task/uwb-industrial/lp/s0/metadata.json,lp,mean_error,,/home/<user>/wavesfm_vivor4_m2/phase2_vivor4/runs/20260403_004122-ngwn06/local_results/by_task/uwb-industrial/lp/s0,fresh,0,20260403_004122-ngwn06,/home/<user>/wavesfm_vivor4_m2/phase2_vivor4/runs/20260403_004122-ngwn06,ok,uwb-industrial,UWB Industrial Localization,,0.07004444433316108,,,,,0.07484909682222343,2.7246246337890625,2.7246246337890625,2.5123419761657715,2.5123419761657715,,3.5614748001098633,3.5614748001098633,4.732393741607666,4.732393741607666,,,,1.4875677824020386,1.4875677824020386
/home/<user>/wavesfm_vivor4_m2/phase2_vivor4/runs/20260403_004122-ngwn06/local_results/by_task/uwb-industrial/lp/s1/best.pth,log,46,mean_distance_error,2.7060608863830566,ngwn06,/home/<user>/wavesfm_vivor4_m2/phase2_vivor4/runs/20260403_004122-ngwn06/local_results/by_task/uwb-industrial/lp/s1/checkpoint_049.pth,['ngwn06'],ngwn06,/home/<user>/wavesfm_vivor4_m2/phase2_vivor4/runs/20260403_004122-ngwn06/local_results/by_task/uwb-industrial/lp/s1/log.txt,/home/<user>/wavesfm_vivor4_m2/phase2_vivor4/runs/20260403_004122-ngwn06/local_results/by_task/uwb-industrial/lp/s1/metadata.json,lp,mean_error,,/home/<user>/wavesfm_vivor4_m2/phase2_vivor4/runs/20260403_004122-ngwn06/local_results/by_task/uwb-industrial/lp/s1,fresh,1,20260403_004122-ngwn06,/home/<user>/wavesfm_vivor4_m2/phase2_vivor4/runs/20260403_004122-ngwn06,ok,uwb-industrial,UWB Industrial Localization,,0.07103639829062647,,,,,0.07379553842340247,2.7060608863830566,2.7060608863830566,2.503981590270996,2.503981590270996,,3.5614771842956543,3.5614771842956543,4.685204029083252,4.685204029083252,,,,1.4739292860031128,1.4739292860031128
/home/<user>/wavesfm_vivor4_m2/phase2_vivor4/runs/20260403_004122-ngwn06/local_results/by_task/uwb-industrial/lp/s2/best.pth,log,46,mean_distance_error,2.703174352645874,ngwn06,/home/<user>/wavesfm_vivor4_m2/phase2_vivor4/runs/20260403_004122-ngwn06/local_results/by_task/uwb-industrial/lp/s2/checkpoint_049.pth,['ngwn06'],ngwn06,/home/<user>/wavesfm_vivor4_m2/phase2_vivor4/runs/20260403_004122-ngwn06/local_results/by_task/uwb-industrial/lp/s2/log.txt,/home/<user>/wavesfm_vivor4_m2/phase2_vivor4/runs/20260403_004122-ngwn06/local_results/by_task/uwb-industrial/lp/s2/metadata.json,lp,mean_error,,/home/<user>/wavesfm_vivor4_m2/phase2_vivor4/runs/20260403_004122-ngwn06/local_results/by_task/uwb-industrial/lp/s2,fresh,2,20260403_004122-ngwn06,/home/<user>/wavesfm_vivor4_m2/phase2_vivor4/runs/20260403_004122-ngwn06,ok,uwb-industrial,UWB Industrial Localization,,0.07090181761210965,,,,,0.07378150557130353,2.703174352645874,2.703174352645874,2.505615234375,2.505615234375,,3.5782008171081543,3.5782008171081543,4.654086112976074,4.654086112976074,,,,1.4775608777999878,1.4775608777999878
/home/<user>/wavesfm_vivor4_m2/phase2_vivor4/runs/20260403_004122-ngwn06/local_results/by_task/uwb-industrial/ft2/s0/best.pth,log,24,mean_distance_error,0.8619226217269897,ngwn06,/home/<user>/wavesfm_vivor4_m2/phase2_vivor4/runs/20260403_004122-ngwn06/local_results/by_task/uwb-industrial/ft2/s0/checkpoint_049.pth,['ngwn06'],ngwn06,/home/<user>/wavesfm_vivor4_m2/phase2_vivor4/runs/20260403_004122-ngwn06/local_results/by_task/uwb-industrial/ft2/s0/log.txt,/home/<user>/wavesfm_vivor4_m2/phase2_vivor4/runs/20260403_004122-ngwn06/local_results/by_task/uwb-industrial/ft2/s0/metadata.json,ft2,mean_error,,/home/<user>/wavesfm_vivor4_m2/phase2_vivor4/runs/20260403_004122-ngwn06/local_results/by_task/uwb-industrial/ft2/s0,fresh,0,20260403_004122-ngwn06,/home/<user>/wavesfm_vivor4_m2/phase2_vivor4/runs/20260403_004122-ngwn06,ok,uwb-industrial,UWB Industrial Localization,,0.001874789728918263,,,,,0.009710226541082478,0.8619226217269897,0.8619226217269897,0.7158787846565247,0.7158787846565247,,1.1056874990463257,1.1056874990463257,1.5979019403457642,1.5979019403457642,,,,0.6689339280128479,0.6689339280128479
/home/<user>/wavesfm_vivor4_m2/phase2_vivor4/runs/20260403_004122-ngwn06/local_results/by_task/uwb-industrial/ft2/s1/best.pth,log,27,mean_distance_error,0.8845376968383789,ngwn06,/home/<user>/wavesfm_vivor4_m2/phase2_vivor4/runs/20260403_004122-ngwn06/local_results/by_task/uwb-industrial/ft2/s1/checkpoint_049.pth,['ngwn06'],ngwn06,/home/<user>/wavesfm_vivor4_m2/phase2_vivor4/runs/20260403_004122-ngwn06/local_results/by_task/uwb-industrial/ft2/s1/log.txt,/home/<user>/wavesfm_vivor4_m2/phase2_vivor4/runs/20260403_004122-ngwn06/local_results/by_task/uwb-industrial/ft2/s1/metadata.json,ft2,mean_error,,/home/<user>/wavesfm_vivor4_m2/phase2_vivor4/runs/20260403_004122-ngwn06/local_results/by_task/uwb-industrial/ft2/s1,fresh,1,20260403_004122-ngwn06,/home/<user>/wavesfm_vivor4_m2/phase2_vivor4/runs/20260403_004122-ngwn06,ok,uwb-industrial,UWB Industrial Localization,,0.0014685891087978117,,,,,0.010133382880026673,0.8845376968383789,0.8845376968383789,0.7346494197845459,0.7346494197845459,,1.1452715396881104,1.1452715396881104,1.660399317741394,1.660399317741394,,,,0.6572280526161194,0.6572280526161194
/home/<user>/wavesfm_vivor4_m2/phase2_vivor4/runs/20260403_004122-ngwn06/local_results/by_task/uwb-industrial/ft2/s2/best.pth,log,21,mean_distance_error,0.8836309909820557,ngwn06,/home/<user>/wavesfm_vivor4_m2/phase2_vivor4/runs/20260403_004122-ngwn06/local_results/by_task/uwb-industrial/ft2/s2/checkpoint_049.pth,['ngwn06'],ngwn06,/home/<user>/wavesfm_vivor4_m2/phase2_vivor4/runs/20260403_004122-ngwn06/local_results/by_task/uwb-industrial/ft2/s2/log.txt,/home/<user>/wavesfm_vivor4_m2/phase2_vivor4/runs/20260403_004122-ngwn06/local_results/by_task/uwb-industrial/ft2/s2/metadata.json,ft2,mean_error,,/home/<user>/wavesfm_vivor4_m2/phase2_vivor4/runs/20260403_004122-ngwn06/local_results/by_task/uwb-industrial/ft2/s2,fresh,2,20260403_004122-ngwn06,/home/<user>/wavesfm_vivor4_m2/phase2_vivor4/runs/20260403_004122-ngwn06,ok,uwb-industrial,UWB Industrial Localization,,0.0022668353950364454,,,,,0.010404543957630913,0.8836309909820557,0.8836309909820557,0.7287640571594238,0.7287640571594238,,1.1338794231414795,1.1338794231414795,1.6272451877593994,1.6272451877593994,,,,0.6878379583358765,0.6878379583358765
/home/<user>/wavesfm_vivor4_m2/phase2_vivor4/runs/20260403_004122-ngwn06/local_results/by_task/uwb-industrial/lora/s0/best.pth,log,49,mean_distance_error,0.7293519973754883,ngwn06,/home/<user>/wavesfm_vivor4_m2/phase2_vivor4/runs/20260403_004122-ngwn06/local_results/by_task/uwb-industrial/lora/s0/checkpoint_049.pth,['ngwn06'],ngwn06,/home/<user>/wavesfm_vivor4_m2/phase2_vivor4/runs/20260403_004122-ngwn06/local_results/by_task/uwb-industrial/lora/s0/log.txt,/home/<user>/wavesfm_vivor4_m2/phase2_vivor4/runs/20260403_004122-ngwn06/local_results/by_task/uwb-industrial/lora/s0/metadata.json,lora,mean_error,,/home/<user>/wavesfm_vivor4_m2/phase2_vivor4/runs/20260403_004122-ngwn06/local_results/by_task/uwb-industrial/lora/s0,fresh,0,20260403_004122-ngwn06,/home/<user>/wavesfm_vivor4_m2/phase2_vivor4/runs/20260403_004122-ngwn06,ok,uwb-industrial,UWB Industrial Localization,,0.0022226764460004144,,,,,0.0065939128905501436,0.7293519973754883,0.7293519973754883,0.6256958842277527,0.6256958842277527,,0.9342589378356934,0.9342589378356934,1.3038618564605713,1.3038618564605713,,,,0.5213685035705566,0.5213685035705566
/home/<user>/wavesfm_vivor4_m2/phase2_vivor4/runs/20260403_004122-ngwn06/local_results/by_task/uwb-industrial/lora/s1/best.pth,log,49,mean_distance_error,0.7436054348945618,ngwn06,/home/<user>/wavesfm_vivor4_m2/phase2_vivor4/runs/20260403_004122-ngwn06/local_results/by_task/uwb-industrial/lora/s1/checkpoint_049.pth,['ngwn06'],ngwn06,/home/<user>/wavesfm_vivor4_m2/phase2_vivor4/runs/20260403_004122-ngwn06/local_results/by_task/uwb-industrial/lora/s1/log.txt,/home/<user>/wavesfm_vivor4_m2/phase2_vivor4/runs/20260403_004122-ngwn06/local_results/by_task/uwb-industrial/lora/s1/metadata.json,lora,mean_error,,/home/<user>/wavesfm_vivor4_m2/phase2_vivor4/runs/20260403_004122-ngwn06/local_results/by_task/uwb-industrial/lora/s1,fresh,1,20260403_004122-ngwn06,/home/<user>/wavesfm_vivor4_m2/phase2_vivor4/runs/20260403_004122-ngwn06,ok,uwb-industrial,UWB Industrial Localization,,0.002250917631411745,,,,,0.006943409687155183,0.7436054348945618,0.7436054348945618,0.6313825845718384,0.6313825845718384,,0.9556367993354797,0.9556367993354797,1.3461973667144775,1.3461973667144775,,,,0.5365464091300964,0.5365464091300964
/home/<user>/wavesfm_vivor4_m2/phase2_vivor4/runs/20260403_004122-ngwn06/local_results/by_task/uwb-industrial/lora/s2/best.pth,log,43,mean_distance_error,0.7429394721984863,ngwn06,/home/<user>/wavesfm_vivor4_m2/phase2_vivor4/runs/20260403_004122-ngwn06/local_results/by_task/uwb-industrial/lora/s2/checkpoint_049.pth,['ngwn06'],ngwn06,/home/<user>/wavesfm_vivor4_m2/phase2_vivor4/runs/20260403_004122-ngwn06/local_results/by_task/uwb-industrial/lora/s2/log.txt,/home/<user>/wavesfm_vivor4_m2/phase2_vivor4/runs/20260403_004122-ngwn06/local_results/by_task/uwb-industrial/lora/s2/metadata.json,lora,mean_error,,/home/<user>/wavesfm_vivor4_m2/phase2_vivor4/runs/20260403_004122-ngwn06/local_results/by_task/uwb-industrial/lora/s2,fresh,2,20260403_004122-ngwn06,/home/<user>/wavesfm_vivor4_m2/phase2_vivor4/runs/20260403_004122-ngwn06,ok,uwb-industrial,UWB Industrial Localization,,0.002230171606154932,,,,,0.007178756817842205,0.7429394721984863,0.7429394721984863,0.6234467625617981,0.6234467625617981,,0.954649031162262,0.954649031162262,1.340720772743225,1.340720772743225,,,,0.5648237466812134,0.5648237466812134
/home/<user>/wavesfm_vivor4_m2/phase2_vivor4/runs/20260403_004122-ngwn06/local_results/by_task/rml/lp/s0/best.pth,log,42,pca,50.5285530090332,ngwn06,/home/<user>/wavesfm_vivor4_m2/phase2_vivor4/runs/20260403_004122-ngwn06/local_results/by_task/rml/lp/s0/checkpoint_049.pth,['ngwn06'],ngwn06,/home/<user>/wavesfm_vivor4_m2/phase2_vivor4/runs/20260403_004122-ngwn06/local_results/by_task/rml/lp/s0/log.txt,/home/<user>/wavesfm_vivor4_m2/phase2_vivor4/runs/20260403_004122-ngwn06/local_results/by_task/rml/lp/s0/metadata.json,lp,pca,,/home/<user>/wavesfm_vivor4_m2/phase2_vivor4/runs/20260403_004122-ngwn06/local_results/by_task/rml/lp/s0,fresh,0,20260403_004122-ngwn06,/home/<user>/wavesfm_vivor4_m2/phase2_vivor4/runs/20260403_004122-ngwn06,ok,rml,Modulation Classification,51.294216579861114,1.2933649864461687,50.62229437889991,74.34740260400814,,,1.314106799389893,,,,,,,,,,50.5285530090332,,,,
/home/<user>/wavesfm_vivor4_m2/phase2_vivor4/runs/20260403_004122-ngwn06/local_results/by_task/rml/lp/s1/best.pth,log,49,pca,50.31221389770508,ngwn06,/home/<user>/wavesfm_vivor4_m2/phase2_vivor4/runs/20260403_004122-ngwn06/local_results/by_task/rml/lp/s1/checkpoint_049.pth,['ngwn06'],ngwn06,/home/<user>/wavesfm_vivor4_m2/phase2_vivor4/runs/20260403_004122-ngwn06/local_results/by_task/rml/lp/s1/log.txt,/home/<user>/wavesfm_vivor4_m2/phase2_vivor4/runs/20260403_004122-ngwn06/local_results/by_task/rml/lp/s1/metadata.json,lp,pca,,/home/<user>/wavesfm_vivor4_m2/phase2_vivor4/runs/20260403_004122-ngwn06/local_results/by_task/rml/lp/s1,fresh,1,20260403_004122-ngwn06,/home/<user>/wavesfm_vivor4_m2/phase2_vivor4/runs/20260403_004122-ngwn06,ok,rml,Modulation Classification,51.464029947916664,1.292768798271815,50.43181818842372,74.35173162154821,,,1.3147034338542394,,,,,,,,,,50.31221389770508,,,,
/home/<user>/wavesfm_vivor4_m2/phase2_vivor4/runs/20260403_004122-ngwn06/local_results/by_task/rml/lp/s2/best.pth,log,44,pca,50.339717864990234,ngwn06,/home/<user>/wavesfm_vivor4_m2/phase2_vivor4/runs/20260403_004122-ngwn06/local_results/by_task/rml/lp/s2/checkpoint_049.pth,['ngwn06'],ngwn06,/home/<user>/wavesfm_vivor4_m2/phase2_vivor4/runs/20260403_004122-ngwn06/local_results/by_task/rml/lp/s2/log.txt,/home/<user>/wavesfm_vivor4_m2/phase2_vivor4/runs/20260403_004122-ngwn06/local_results/by_task/rml/lp/s2/metadata.json,lp,pca,,/home/<user>/wavesfm_vivor4_m2/phase2_vivor4/runs/20260403_004122-ngwn06/local_results/by_task/rml/lp/s2,fresh,2,20260403_004122-ngwn06,/home/<user>/wavesfm_vivor4_m2/phase2_vivor4/runs/20260403_004122-ngwn06,ok,rml,Modulation Classification,51.279296875,1.2939729472001393,50.373376626679395,74.31926407586961,,,1.316342357268065,,,,,,,,,,50.339717864990234,,,,
/home/<user>/wavesfm_vivor4_m2/phase2_vivor4/runs/20260403_004122-ngwn06/local_results/by_task/rml/ft2/s0/best.pth,log,8,pca,55.36472702026367,ngwn06,/home/<user>/wavesfm_vivor4_m2/phase2_vivor4/runs/20260403_004122-ngwn06/local_results/by_task/rml/ft2/s0/checkpoint_049.pth,['ngwn06'],ngwn06,/home/<user>/wavesfm_vivor4_m2/phase2_vivor4/runs/20260403_004122-ngwn06/local_results/by_task/rml/ft2/s0/log.txt,/home/<user>/wavesfm_vivor4_m2/phase2_vivor4/runs/20260403_004122-ngwn06/local_results/by_task/rml/ft2/s0/metadata.json,ft2,pca,,/home/<user>/wavesfm_vivor4_m2/phase2_vivor4/runs/20260403_004122-ngwn06/local_results/by_task/rml/ft2/s0,fresh,0,20260403_004122-ngwn06,/home/<user>/wavesfm_vivor4_m2/phase2_vivor4/runs/20260403_004122-ngwn06,ok,rml,Modulation Classification,59.370388454861114,1.0186873733997346,55.41450216780493,77.5443723141889,,,1.1627711739684596,,,,,,,,,,55.36472702026367,,,,
/home/<user>/wavesfm_vivor4_m2/phase2_vivor4/runs/20260403_004122-ngwn06/local_results/by_task/rml/ft2/s1/best.pth,log,10,pca,55.09096145629883,ngwn06,/home/<user>/wavesfm_vivor4_m2/phase2_vivor4/runs/20260403_004122-ngwn06/local_results/by_task/rml/ft2/s1/checkpoint_049.pth,['ngwn06'],ngwn06,/home/<user>/wavesfm_vivor4_m2/phase2_vivor4/runs/20260403_004122-ngwn06/local_results/by_task/rml/ft2/s1/log.txt,/home/<user>/wavesfm_vivor4_m2/phase2_vivor4/runs/20260403_004122-ngwn06/local_results/by_task/rml/ft2/s1/metadata.json,ft2,pca,,/home/<user>/wavesfm_vivor4_m2/phase2_vivor4/runs/20260403_004122-ngwn06/local_results/by_task/rml/ft2/s1,fresh,1,20260403_004122-ngwn06,/home/<user>/wavesfm_vivor4_m2/phase2_vivor4/runs/20260403_004122-ngwn06,ok,rml,Modulation Classification,61.167805989583336,0.9690204153458277,55.27164503155333,77.38636365618025,,,1.1828705141761087,,,,,,,,,,55.09096145629883,,,,
/home/<user>/wavesfm_vivor4_m2/phase2_vivor4/runs/20260403_004122-ngwn06/local_results/by_task/rml/ft2/s2/best.pth,log,8,pca,54.966636657714844,ngwn06,/home/<user>/wavesfm_vivor4_m2/phase2_vivor4/runs/20260403_004122-ngwn06/local_results/by_task/rml/ft2/s2/checkpoint_049.pth,['ngwn06'],ngwn06,/home/<user>/wavesfm_vivor4_m2/phase2_vivor4/runs/20260403_004122-ngwn06/local_results/by_task/rml/ft2/s2/log.txt,/home/<user>/wavesfm_vivor4_m2/phase2_vivor4/runs/20260403_004122-ngwn06/local_results/by_task/rml/ft2/s2/metadata.json,ft2,pca,,/home/<user>/wavesfm_vivor4_m2/phase2_vivor4/runs/20260403_004122-ngwn06/local_results/by_task/rml/ft2/s2,fresh,2,20260403_004122-ngwn06,/home/<user>/wavesfm_vivor4_m2/phase2_vivor4/runs/20260403_004122-ngwn06,ok,rml,Modulation Classification,59.45448133680556,1.021471385161082,55.02272727933281,77.5400433098599,,,1.1799316003931548,,,,,,,,,,54.966636657714844,,,,
/home/<user>/wavesfm_vivor4_m2/phase2_vivor4/runs/20260403_004122-ngwn06/local_results/by_task/rml/lora/s0/best.pth,log,19,pca,56.4956169128418,ngwn06,/home/<user>/wavesfm_vivor4_m2/phase2_vivor4/runs/20260403_004122-ngwn06/local_results/by_task/rml/lora/s0/checkpoint_049.pth,['ngwn06'],ngwn06,/home/<user>/wavesfm_vivor4_m2/phase2_vivor4/runs/20260403_004122-ngwn06/local_results/by_task/rml/lora/s0/log.txt,/home/<user>/wavesfm_vivor4_m2/phase2_vivor4/runs/20260403_004122-ngwn06/local_results/by_task/rml/lora/s0/metadata.json,lora,pca,,/home/<user>/wavesfm_vivor4_m2/phase2_vivor4/runs/20260403_004122-ngwn06/local_results/by_task/rml/lora/s0,fresh,0,20260403_004122-ngwn06,/home/<user>/wavesfm_vivor4_m2/phase2_vivor4/runs/20260403_004122-ngwn06,ok,rml,Modulation Classification,60.011935763888886,1.0082624355951946,56.56168831499108,78.1785714417825,,,1.124558370742963,,,,,,,,,,56.4956169128418,,,,
/home/<user>/wavesfm_vivor4_m2/phase2_vivor4/runs/20260403_004122-ngwn06/local_results/by_task/rml/lora/s1/best.pth,log,23,pca,56.30220413208008,ngwn06,/home/<user>/wavesfm_vivor4_m2/phase2_vivor4/runs/20260403_004122-ngwn06/local_results/by_task/rml/lora/s1/checkpoint_049.pth,['ngwn06'],ngwn06,/home/<user>/wavesfm_vivor4_m2/phase2_vivor4/runs/20260403_004122-ngwn06/local_results/by_task/rml/lora/s1/log.txt,/home/<user>/wavesfm_vivor4_m2/phase2_vivor4/runs/20260403_004122-ngwn06/local_results/by_task/rml/lora/s1/metadata.json,lora,pca,,/home/<user>/wavesfm_vivor4_m2/phase2_vivor4/runs/20260403_004122-ngwn06/local_results/by_task/rml/lora/s1,fresh,1,20260403_004122-ngwn06,/home/<user>/wavesfm_vivor4_m2/phase2_vivor4/runs/20260403_004122-ngwn06,ok,rml,Modulation Classification,61.77788628472222,0.9636359492937724,56.43181818842372,78.25000001981661,,,1.1465907268193893,,,,,,,,,,56.30220413208008,,,,
/home/<user>/wavesfm_vivor4_m2/phase2_vivor4/runs/20260403_004122-ngwn06/local_results/by_task/rml/lora/s2/best.pth,log,18,pca,56.46117401123047,ngwn06,/home/<user>/wavesfm_vivor4_m2/phase2_vivor4/runs/20260403_004122-ngwn06/local_results/by_task/rml/lora/s2/checkpoint_049.pth,['ngwn06'],ngwn06,/home/<user>/wavesfm_vivor4_m2/phase2_vivor4/runs/20260403_004122-ngwn06/local_results/by_task/rml/lora/s2/log.txt,/home/<user>/wavesfm_vivor4_m2/phase2_vivor4/runs/20260403_004122-ngwn06/local_results/by_task/rml/lora/s2/metadata.json,lora,pca,,/home/<user>/wavesfm_vivor4_m2/phase2_vivor4/runs/20260403_004122-ngwn06/local_results/by_task/rml/lora/s2,fresh,2,20260403_004122-ngwn06,/home/<user>/wavesfm_vivor4_m2/phase2_vivor4/runs/20260403_004122-ngwn06,ok,rml,Modulation Classification,60.026584201388886,1.0076598031653299,56.51082251412528,78.22294372954926,,,1.1294535188757495,,,,,,,,,,56.46117401123047,,,,
/home/<user>/wavesfm_vivor4_m2/phase2_vivor4/runs/20260403_004122-ngwn06/local_results/by_task/rfp/lp/s0/best.pth,log,9,pca,99.00215148925781,ngwn06,/home/<user>/wavesfm_vivor4_m2/phase2_vivor4/runs/20260403_004122-ngwn06/local_results/by_task/rfp/lp/s0/checkpoint_009.pth,['ngwn06'],ngwn06,/home/<user>/wavesfm_vivor4_m2/phase2_vivor4/runs/20260403_004122-ngwn06/local_results/by_task/rfp/lp/s0/log.txt,/home/<user>/wavesfm_vivor4_m2/phase2_vivor4/runs/20260403_004122-ngwn06/local_results/by_task/rfp/lp/s0/metadata.json,lp,pca,,/home/<user>/wavesfm_vivor4_m2/phase2_vivor4/runs/20260403_004122-ngwn06/local_results/by_task/rfp/lp/s0,fresh,0,20260403_004122-ngwn06,/home/<user>/wavesfm_vivor4_m2/phase2_vivor4/runs/20260403_004122-ngwn06,ok,rfp,RF Fingerprinting,98.98339334967821,0.3761246953955319,98.98225894750368,99.99521288308902,,,0.3764704756233791,,,,,,,,,,99.00215148925781,,,,
/home/<user>/wavesfm_vivor4_m2/phase2_vivor4/runs/20260403_004122-ngwn06/local_results/by_task/rfp/lp/s1/best.pth,log,9,pca,98.96552276611328,ngwn06,/home/<user>/wavesfm_vivor4_m2/phase2_vivor4/runs/20260403_004122-ngwn06/local_results/by_task/rfp/lp/s1/checkpoint_009.pth,['ngwn06'],ngwn06,/home/<user>/wavesfm_vivor4_m2/phase2_vivor4/runs/20260403_004122-ngwn06/local_results/by_task/rfp/lp/s1/log.txt,/home/<user>/wavesfm_vivor4_m2/phase2_vivor4/runs/20260403_004122-ngwn06/local_results/by_task/rfp/lp/s1/metadata.json,lp,pca,,/home/<user>/wavesfm_vivor4_m2/phase2_vivor4/runs/20260403_004122-ngwn06/local_results/by_task/rfp/lp/s1,fresh,1,20260403_004122-ngwn06,/home/<user>/wavesfm_vivor4_m2/phase2_vivor4/runs/20260403_004122-ngwn06,ok,rfp,RF Fingerprinting,98.98315392277046,0.3764821448703869,98.9477917057447,99.99617030647123,,,0.3766258965048455,,,,,,,,,,98.96552276611328,,,,
/home/<user>/wavesfm_vivor4_m2/phase2_vivor4/runs/20260403_004122-ngwn06/local_results/by_task/rfp/lp/s2/best.pth,log,8,pca,98.97210693359375,ngwn06,/home/<user>/wavesfm_vivor4_m2/phase2_vivor4/runs/20260403_004122-ngwn06/local_results/by_task/rfp/lp/s2/checkpoint_009.pth,['ngwn06'],ngwn06,/home/<user>/wavesfm_vivor4_m2/phase2_vivor4/runs/20260403_004122-ngwn06/local_results/by_task/rfp/lp/s2/log.txt,/home/<user>/wavesfm_vivor4_m2/phase2_vivor4/runs/20260403_004122-ngwn06/local_results/by_task/rfp/lp/s2/metadata.json,lp,pca,,/home/<user>/wavesfm_vivor4_m2/phase2_vivor4/runs/20260403_004122-ngwn06/local_results/by_task/rfp/lp/s2,fresh,2,20260403_004122-ngwn06,/home/<user>/wavesfm_vivor4_m2/phase2_vivor4/runs/20260403_004122-ngwn06,ok,rfp,RF Fingerprinting,98.9638800566963,0.3766957819096486,98.95545109002651,99.99664901816232,,,0.37681444322704405,,,,,,,,,,98.97210693359375,,,,
/home/<user>/wavesfm_vivor4_m2/phase2_vivor4/runs/20260403_004122-ngwn06/local_results/by_task/rfp/ft2/s0/best.pth,log,9,pca,99.68276977539062,ngwn06,/home/<user>/wavesfm_vivor4_m2/phase2_vivor4/runs/20260403_004122-ngwn06/local_results/by_task/rfp/ft2/s0/checkpoint_009.pth,['ngwn06'],ngwn06,/home/<user>/wavesfm_vivor4_m2/phase2_vivor4/runs/20260403_004122-ngwn06/local_results/by_task/rfp/ft2/s0/log.txt,/home/<user>/wavesfm_vivor4_m2/phase2_vivor4/runs/20260403_004122-ngwn06/local_results/by_task/rfp/ft2/s0/metadata.json,ft2,pca,,/home/<user>/wavesfm_vivor4_m2/phase2_vivor4/runs/20260403_004122-ngwn06/local_results/by_task/rfp/ft2/s0,fresh,0,20260403_004122-ngwn06,/home/<user>/wavesfm_vivor4_m2/phase2_vivor4/runs/20260403_004122-ngwn06,ok,rfp,RF Fingerprinting,99.98838779497395,0.3491343603684352,99.67639089681848,99.985159937576,,,0.3561499070794565,,,,,,,,,,99.68276977539062,,,,
/home/<user>/wavesfm_vivor4_m2/phase2_vivor4/runs/20260403_004122-ngwn06/local_results/by_task/rfp/ft2/s1/best.pth,log,9,pca,99.71780395507812,ngwn06,/home/<user>/wavesfm_vivor4_m2/phase2_vivor4/runs/20260403_004122-ngwn06/local_results/by_task/rfp/ft2/s1/checkpoint_009.pth,['ngwn06'],ngwn06,/home/<user>/wavesfm_vivor4_m2/phase2_vivor4/runs/20260403_004122-ngwn06/local_results/by_task/rfp/ft2/s1/log.txt,/home/<user>/wavesfm_vivor4_m2/phase2_vivor4/runs/20260403_004122-ngwn06/local_results/by_task/rfp/ft2/s1/metadata.json,ft2,pca,,/home/<user>/wavesfm_vivor4_m2/phase2_vivor4/runs/20260403_004122-ngwn06/local_results/by_task/rfp/ft2/s1,fresh,1,20260403_004122-ngwn06,/home/<user>/wavesfm_vivor4_m2/phase2_vivor4/runs/20260403_004122-ngwn06,ok,rfp,RF Fingerprinting,99.98731037388906,0.3491609098445116,99.71277298534184,99.98563864926709,,,0.35532468043841464,,,,,,,,,,99.71780395507812,,,,
/home/<user>/wavesfm_vivor4_m2/phase2_vivor4/runs/20260403_004122-ngwn06/local_results/by_task/rfp/ft2/s2/best.pth,log,9,pca,99.68834686279297,ngwn06,/home/<user>/wavesfm_vivor4_m2/phase2_vivor4/runs/20260403_004122-ngwn06/local_results/by_task/rfp/ft2/s2/checkpoint_009.pth,['ngwn06'],ngwn06,/home/<user>/wavesfm_vivor4_m2/phase2_vivor4/runs/20260403_004122-ngwn06/local_results/by_task/rfp/ft2/s2/log.txt,/home/<user>/wavesfm_vivor4_m2/phase2_vivor4/runs/20260403_004122-ngwn06/local_results/by_task/rfp/ft2/s2/metadata.json,ft2,pca,,/home/<user>/wavesfm_vivor4_m2/phase2_vivor4/runs/20260403_004122-ngwn06/local_results/by_task/rfp/ft2/s2,fresh,2,20260403_004122-ngwn06,/home/<user>/wavesfm_vivor4_m2/phase2_vivor4/runs/20260403_004122-ngwn06,ok,rfp,RF Fingerprinting,99.98683152007355,0.34917584063449303,99.68357157218493,99.9842025141938,,,0.3558996854627298,,,,,,,,,,99.68834686279297,,,,
/home/<user>/wavesfm_vivor4_m2/phase2_vivor4/runs/20260403_004122-ngwn06/local_results/by_task/rfp/lora/s0/best.pth,log,9,pca,99.8287124633789,ngwn06,/home/<user>/wavesfm_vivor4_m2/phase2_vivor4/runs/20260403_004122-ngwn06/local_results/by_task/rfp/lora/s0/checkpoint_009.pth,['ngwn06'],ngwn06,/home/<user>/wavesfm_vivor4_m2/phase2_vivor4/runs/20260403_004122-ngwn06/local_results/by_task/rfp/lora/s0/log.txt,/home/<user>/wavesfm_vivor4_m2/phase2_vivor4/runs/20260403_004122-ngwn06/local_results/by_task/rfp/lora/s0/metadata.json,lora,pca,,/home/<user>/wavesfm_vivor4_m2/phase2_vivor4/runs/20260403_004122-ngwn06/local_results/by_task/rfp/lora/s0,fresh,0,20260403_004122-ngwn06,/home/<user>/wavesfm_vivor4_m2/phase2_vivor4/runs/20260403_004122-ngwn06,ok,rfp,RF Fingerprinting,99.97450103432425,0.3494429931734151,99.82527023274963,99.99856386492671,,,0.35279787000125423,,,,,,,,,,99.8287124633789,,,,
/home/<user>/wavesfm_vivor4_m2/phase2_vivor4/runs/20260403_004122-ngwn06/local_results/by_task/rfp/lora/s1/best.pth,log,9,pca,99.85231018066406,ngwn06,/home/<user>/wavesfm_vivor4_m2/phase2_vivor4/runs/20260403_004122-ngwn06/local_results/by_task/rfp/lora/s1/checkpoint_009.pth,['ngwn06'],ngwn06,/home/<user>/wavesfm_vivor4_m2/phase2_vivor4/runs/20260403_004122-ngwn06/local_results/by_task/rfp/lora/s1/log.txt,/home/<user>/wavesfm_vivor4_m2/phase2_vivor4/runs/20260403_004122-ngwn06/local_results/by_task/rfp/lora/s1/metadata.json,lora,pca,,/home/<user>/wavesfm_vivor4_m2/phase2_vivor4/runs/20260403_004122-ngwn06/local_results/by_task/rfp/lora/s1,fresh,1,20260403_004122-ngwn06,/home/<user>/wavesfm_vivor4_m2/phase2_vivor4/runs/20260403_004122-ngwn06,ok,rfp,RF Fingerprinting,99.97354332669323,0.349477535763877,99.84968452899557,99.99712772985342,,,0.35228528615503824,,,,,,,,,,99.85231018066406,,,,
/home/<user>/wavesfm_vivor4_m2/phase2_vivor4/runs/20260403_004122-ngwn06/local_results/by_task/rfp/lora/s2/best.pth,log,9,pca,99.82463073730469,ngwn06,/home/<user>/wavesfm_vivor4_m2/phase2_vivor4/runs/20260403_004122-ngwn06/local_results/by_task/rfp/lora/s2/checkpoint_009.pth,['ngwn06'],ngwn06,/home/<user>/wavesfm_vivor4_m2/phase2_vivor4/runs/20260403_004122-ngwn06/local_results/by_task/rfp/lora/s2/log.txt,/home/<user>/wavesfm_vivor4_m2/phase2_vivor4/runs/20260403_004122-ngwn06/local_results/by_task/rfp/lora/s2/metadata.json,lora,pca,,/home/<user>/wavesfm_vivor4_m2/phase2_vivor4/runs/20260403_004122-ngwn06/local_results/by_task/rfp/lora/s2,fresh,2,20260403_004122-ngwn06,/home/<user>/wavesfm_vivor4_m2/phase2_vivor4/runs/20260403_004122-ngwn06,ok,rfp,RF Fingerprinting,99.97533902850138,0.3494368596307858,99.82191925229981,99.99425545970684,,,0.35292265585581944,,,,,,,,,,99.82463073730469,,,,
/home/<user>/wavesfm_vivor4_m2/phase2_vivor4/runs/20260403_004122-ngwn06/local_results/by_task/interf/lp/s0/best.pth,log,24,pca,72.66667175292969,ngwn06,/home/<user>/wavesfm_vivor4_m2/phase2_vivor4/runs/20260403_004122-ngwn06/local_results/by_task/interf/lp/s0/checkpoint_034.pth,['ngwn06'],ngwn06,/home/<user>/wavesfm_vivor4_m2/phase2_vivor4/runs/20260403_004122-ngwn06/local_results/by_task/interf/lp/s0/log.txt,/home/<user>/wavesfm_vivor4_m2/phase2_vivor4/runs/20260403_004122-ngwn06/local_results/by_task/interf/lp/s0/metadata.json,lp,pca,,/home/<user>/wavesfm_vivor4_m2/phase2_vivor4/runs/20260403_004122-ngwn06/local_results/by_task/interf/lp/s0,fresh,0,20260403_004122-ngwn06,/home/<user>/wavesfm_vivor4_m2/phase2_vivor4/runs/20260403_004122-ngwn06,ok,interf,Interference Classification,69.921875,0.6549811363220215,68.1999985961914,99.99999627685547,96.8,,0.666348699092865,,,,,62.0,,,,,72.66667175292969,,,,
/home/<user>/wavesfm_vivor4_m2/phase2_vivor4/runs/20260403_004122-ngwn06/local_results/by_task/interf/lp/s1/best.pth,log,26,pca,69.66667175292969,ngwn06,/home/<user>/wavesfm_vivor4_m2/phase2_vivor4/runs/20260403_004122-ngwn06/local_results/by_task/interf/lp/s1/checkpoint_034.pth,['ngwn06'],ngwn06,/home/<user>/wavesfm_vivor4_m2/phase2_vivor4/runs/20260403_004122-ngwn06/local_results/by_task/interf/lp/s1/log.txt,/home/<user>/wavesfm_vivor4_m2/phase2_vivor4/runs/20260403_004122-ngwn06/local_results/by_task/interf/lp/s1/metadata.json,lp,pca,,/home/<user>/wavesfm_vivor4_m2/phase2_vivor4/runs/20260403_004122-ngwn06/local_results/by_task/interf/lp/s1,fresh,1,20260403_004122-ngwn06,/home/<user>/wavesfm_vivor4_m2/phase2_vivor4/runs/20260403_004122-ngwn06,ok,interf,Interference Classification,68.97321428571429,0.6507783702441624,65.59999810791015,99.99999627685547,95.0,,0.6860745048522949,,,,,59.5,,,,,69.66667175292969,,,,
/home/<user>/wavesfm_vivor4_m2/phase2_vivor4/runs/20260403_004122-ngwn06/local_results/by_task/interf/lp/s2/best.pth,log,15,pca,71.16667175292969,ngwn06,/home/<user>/wavesfm_vivor4_m2/phase2_vivor4/runs/20260403_004122-ngwn06/local_results/by_task/interf/lp/s2/checkpoint_034.pth,['ngwn06'],ngwn06,/home/<user>/wavesfm_vivor4_m2/phase2_vivor4/runs/20260403_004122-ngwn06/local_results/by_task/interf/lp/s2/log.txt,/home/<user>/wavesfm_vivor4_m2/phase2_vivor4/runs/20260403_004122-ngwn06/local_results/by_task/interf/lp/s2/metadata.json,lp,pca,,/home/<user>/wavesfm_vivor4_m2/phase2_vivor4/runs/20260403_004122-ngwn06/local_results/by_task/interf/lp/s2,fresh,2,20260403_004122-ngwn06,/home/<user>/wavesfm_vivor4_m2/phase2_vivor4/runs/20260403_004122-ngwn06,ok,interf,Interference Classification,66.015625,0.7179740582193647,66.99999884033203,99.99999627685547,94.0,,0.7234833827018737,,,,,60.25,,,,,71.16667175292969,,,,
/home/<user>/wavesfm_vivor4_m2/phase2_vivor4/runs/20260403_004122-ngwn06/local_results/by_task/interf/ft2/s0/best.pth,log,25,pca,79.16667175292969,ngwn06,/home/<user>/wavesfm_vivor4_m2/phase2_vivor4/runs/20260403_004122-ngwn06/local_results/by_task/interf/ft2/s0/checkpoint_034.pth,['ngwn06'],ngwn06,/home/<user>/wavesfm_vivor4_m2/phase2_vivor4/runs/20260403_004122-ngwn06/local_results/by_task/interf/ft2/s0/log.txt,/home/<user>/wavesfm_vivor4_m2/phase2_vivor4/runs/20260403_004122-ngwn06/local_results/by_task/interf/ft2/s0/metadata.json,ft2,pca,,/home/<user>/wavesfm_vivor4_m2/phase2_vivor4/runs/20260403_004122-ngwn06/local_results/by_task/interf/ft2/s0,fresh,0,20260403_004122-ngwn06,/home/<user>/wavesfm_vivor4_m2/phase2_vivor4/runs/20260403_004122-ngwn06,ok,interf,Interference Classification,99.77678571428571,0.08743879518338613,75.3999966430664,99.99999627685547,98.8,,0.9584371938705444,,,,,69.75,,,,,79.16667175292969,,,,
/home/<user>/wavesfm_vivor4_m2/phase2_vivor4/runs/20260403_004122-ngwn06/local_results/by_task/interf/ft2/s1/best.pth,log,22,pca,77.0,ngwn06,/home/<user>/wavesfm_vivor4_m2/phase2_vivor4/runs/20260403_004122-ngwn06/local_results/by_task/interf/ft2/s1/checkpoint_034.pth,['ngwn06'],ngwn06,/home/<user>/wavesfm_vivor4_m2/phase2_vivor4/runs/20260403_004122-ngwn06/local_results/by_task/interf/ft2/s1/log.txt,/home/<user>/wavesfm_vivor4_m2/phase2_vivor4/runs/20260403_004122-ngwn06/local_results/by_task/interf/ft2/s1/metadata.json,ft2,pca,,/home/<user>/wavesfm_vivor4_m2/phase2_vivor4/runs/20260403_004122-ngwn06/local_results/by_task/interf/ft2/s1,fresh,1,20260403_004122-ngwn06,/home/<user>/wavesfm_vivor4_m2/phase2_vivor4/runs/20260403_004122-ngwn06,ok,interf,Interference Classification,99.609375,0.09776323927300316,72.59999676513672,99.99999627685547,99.6,,0.946783064365387,,,,,66.0,,,,,77.0,,,,
/home/<user>/wavesfm_vivor4_m2/phase2_vivor4/runs/20260403_004122-ngwn06/local_results/by_task/interf/ft2/s2/best.pth,log,24,pca,80.33333587646484,ngwn06,/home/<user>/wavesfm_vivor4_m2/phase2_vivor4/runs/20260403_004122-ngwn06/local_results/by_task/interf/ft2/s2/checkpoint_034.pth,['ngwn06'],ngwn06,/home/<user>/wavesfm_vivor4_m2/phase2_vivor4/runs/20260403_004122-ngwn06/local_results/by_task/interf/ft2/s2/log.txt,/home/<user>/wavesfm_vivor4_m2/phase2_vivor4/runs/20260403_004122-ngwn06/local_results/by_task/interf/ft2/s2/metadata.json,ft2,pca,,/home/<user>/wavesfm_vivor4_m2/phase2_vivor4/runs/20260403_004122-ngwn06/local_results/by_task/interf/ft2/s2,fresh,2,20260403_004122-ngwn06,/home/<user>/wavesfm_vivor4_m2/phase2_vivor4/runs/20260403_004122-ngwn06,ok,interf,Interference Classification,99.38616071428571,0.0957676459636007,76.39999975585937,99.99999627685547,98.4,,0.8236236791610718,,,,,70.5,,,,,80.33333587646484,,,,
/home/<user>/wavesfm_vivor4_m2/phase2_vivor4/runs/20260403_004122-ngwn06/local_results/by_task/interf/lora/s0/best.pth,log,27,pca,79.83333587646484,ngwn06,/home/<user>/wavesfm_vivor4_m2/phase2_vivor4/runs/20260403_004122-ngwn06/local_results/by_task/interf/lora/s0/checkpoint_034.pth,['ngwn06'],ngwn06,/home/<user>/wavesfm_vivor4_m2/phase2_vivor4/runs/20260403_004122-ngwn06/local_results/by_task/interf/lora/s0/log.txt,/home/<user>/wavesfm_vivor4_m2/phase2_vivor4/runs/20260403_004122-ngwn06/local_results/by_task/interf/lora/s0/metadata.json,lora,pca,,/home/<user>/wavesfm_vivor4_m2/phase2_vivor4/runs/20260403_004122-ngwn06/local_results/by_task/interf/lora/s0,fresh,0,20260403_004122-ngwn06,/home/<user>/wavesfm_vivor4_m2/phase2_vivor4/runs/20260403_004122-ngwn06,ok,interf,Interference Classification,99.16294642857143,0.13201861935002462,75.99999652099609,99.99999627685547,99.4,,0.6220165734291077,,,,,70.25,,,,,79.83333587646484,,,,
/home/<user>/wavesfm_vivor4_m2/phase2_vivor4/runs/20260403_004122-ngwn06/local_results/by_task/interf/lora/s1/best.pth,log,21,pca,78.83333587646484,ngwn06,/home/<user>/wavesfm_vivor4_m2/phase2_vivor4/runs/20260403_004122-ngwn06/local_results/by_task/interf/lora/s1/checkpoint_034.pth,['ngwn06'],ngwn06,/home/<user>/wavesfm_vivor4_m2/phase2_vivor4/runs/20260403_004122-ngwn06/local_results/by_task/interf/lora/s1/log.txt,/home/<user>/wavesfm_vivor4_m2/phase2_vivor4/runs/20260403_004122-ngwn06/local_results/by_task/interf/lora/s1/metadata.json,lora,pca,,/home/<user>/wavesfm_vivor4_m2/phase2_vivor4/runs/20260403_004122-ngwn06/local_results/by_task/interf/lora/s1,fresh,1,20260403_004122-ngwn06,/home/<user>/wavesfm_vivor4_m2/phase2_vivor4/runs/20260403_004122-ngwn06,ok,interf,Interference Classification,96.26116071428571,0.1920265895979745,74.7999990234375,99.99999627685547,99.6,,0.5846713848114014,,,,,68.75,,,,,78.83333587646484,,,,
/home/<user>/wavesfm_vivor4_m2/phase2_vivor4/runs/20260403_004122-ngwn06/local_results/by_task/interf/lora/s2/best.pth,log,19,pca,80.33333587646484,ngwn06,/home/<user>/wavesfm_vivor4_m2/phase2_vivor4/runs/20260403_004122-ngwn06/local_results/by_task/interf/lora/s2/checkpoint_034.pth,['ngwn06'],ngwn06,/home/<user>/wavesfm_vivor4_m2/phase2_vivor4/runs/20260403_004122-ngwn06/local_results/by_task/interf/lora/s2/log.txt,/home/<user>/wavesfm_vivor4_m2/phase2_vivor4/runs/20260403_004122-ngwn06/local_results/by_task/interf/lora/s2/metadata.json,lora,pca,,/home/<user>/wavesfm_vivor4_m2/phase2_vivor4/runs/20260403_004122-ngwn06/local_results/by_task/interf/lora/s2,fresh,2,20260403_004122-ngwn06,/home/<user>/wavesfm_vivor4_m2/phase2_vivor4/runs/20260403_004122-ngwn06,ok,interf,Interference Classification,82.64508928571429,0.41778152329581125,76.39999951171875,99.99999627685547,99.2,,0.5265007028579712,,,,,70.5,,,,,80.33333587646484,,,,
/home/<user>/wavesfm_vivor4_m2/phase2_vivor4/runs/20260403_004122-ngwn06/local_results/by_task/deepmimo-los/lp/s0/best.pth,log,39,pca,95.18154907226562,ngwn06,/home/<user>/wavesfm_vivor4_m2/phase2_vivor4/runs/20260403_004122-ngwn06/local_results/by_task/deepmimo-los/lp/s0/checkpoint_099.pth,['ngwn06'],ngwn06,/home/<user>/wavesfm_vivor4_m2/phase2_vivor4/runs/20260403_004122-ngwn06/local_results/by_task/deepmimo-los/lp/s0/log.txt,/home/<user>/wavesfm_vivor4_m2/phase2_vivor4/runs/20260403_004122-ngwn06/local_results/by_task/deepmimo-los/lp/s0/metadata.json,lp,pca,,/home/<user>/wavesfm_vivor4_m2/phase2_vivor4/runs/20260403_004122-ngwn06/local_results/by_task/deepmimo-los/lp/s0,fresh,0,20260403_004122-ngwn06,/home/<user>/wavesfm_vivor4_m2/phase2_vivor4/runs/20260403_004122-ngwn06,ok,deepmimo-los,LOS/NLOS Classification,97.05332880434783,0.07468601348607437,95.51886810960795,100.0,,0.9523618221282959,0.1297286340007885,,,,,,,,,,95.18154907226562,"[93.7833023071289, 96.57980346679688]",,,
/home/<user>/wavesfm_vivor4_m2/phase2_vivor4/runs/20260403_004122-ngwn06/local_results/by_task/deepmimo-los/lp/s1/best.pth,log,78,pca,94.33535766601562,ngwn06,/home/<user>/wavesfm_vivor4_m2/phase2_vivor4/runs/20260403_004122-ngwn06/local_results/by_task/deepmimo-los/lp/s1/checkpoint_099.pth,['ngwn06'],ngwn06,/home/<user>/wavesfm_vivor4_m2/phase2_vivor4/runs/20260403_004122-ngwn06/local_results/by_task/deepmimo-los/lp/s1/log.txt,/home/<user>/wavesfm_vivor4_m2/phase2_vivor4/runs/20260403_004122-ngwn06/local_results/by_task/deepmimo-los/lp/s1/metadata.json,lp,pca,,/home/<user>/wavesfm_vivor4_m2/phase2_vivor4/runs/20260403_004122-ngwn06/local_results/by_task/deepmimo-los/lp/s1,fresh,1,20260403_004122-ngwn06,/home/<user>/wavesfm_vivor4_m2/phase2_vivor4/runs/20260403_004122-ngwn06,ok,deepmimo-los,LOS/NLOS Classification,98.15726902173913,0.0530089750966948,94.81132077528139,100.0,,0.9447331428527832,0.172777942288918,,,,,,,,,,94.33535766601562,"[92.36234283447266, 96.30836486816406]",,,
/home/<user>/wavesfm_vivor4_m2/phase2_vivor4/runs/20260403_004122-ngwn06/local_results/by_task/deepmimo-los/lp/s2/best.pth,log,38,pca,95.84526062011719,ngwn06,/home/<user>/wavesfm_vivor4_m2/phase2_vivor4/runs/20260403_004122-ngwn06/local_results/by_task/deepmimo-los/lp/s2/checkpoint_099.pth,['ngwn06'],ngwn06,/home/<user>/wavesfm_vivor4_m2/phase2_vivor4/runs/20260403_004122-ngwn06/local_results/by_task/deepmimo-los/lp/s2/log.txt,/home/<user>/wavesfm_vivor4_m2/phase2_vivor4/runs/20260403_004122-ngwn06/local_results/by_task/deepmimo-los/lp/s2/metadata.json,lp,pca,,/home/<user>/wavesfm_vivor4_m2/phase2_vivor4/runs/20260403_004122-ngwn06/local_results/by_task/deepmimo-los/lp/s2,fresh,2,20260403_004122-ngwn06,/home/<user>/wavesfm_vivor4_m2/phase2_vivor4/runs/20260403_004122-ngwn06,ok,deepmimo-los,LOS/NLOS Classification,96.484375,0.08636907990212025,96.19272249535409,100.0,,0.9594829082489014,0.10631944363650607,,,,,,,,,,95.84526062011719,"[94.40496826171875, 97.28555297851562]",,,
/home/<user>/wavesfm_vivor4_m2/phase2_vivor4/runs/20260403_004122-ngwn06/local_results/by_task/deepmimo-los/ft2/s0/best.pth,log,17,pca,95.504638671875,ngwn06,/home/<user>/wavesfm_vivor4_m2/phase2_vivor4/runs/20260403_004122-ngwn06/local_results/by_task/deepmimo-los/ft2/s0/checkpoint_099.pth,['ngwn06'],ngwn06,/home/<user>/wavesfm_vivor4_m2/phase2_vivor4/runs/20260403_004122-ngwn06/local_results/by_task/deepmimo-los/ft2/s0/log.txt,/home/<user>/wavesfm_vivor4_m2/phase2_vivor4/runs/20260403_004122-ngwn06/local_results/by_task/deepmimo-los/ft2/s0/metadata.json,ft2,pca,,/home/<user>/wavesfm_vivor4_m2/phase2_vivor4/runs/20260403_004122-ngwn06/local_results/by_task/deepmimo-los/ft2/s0,fresh,0,20260403_004122-ngwn06,/home/<user>/wavesfm_vivor4_m2/phase2_vivor4/runs/20260403_004122-ngwn06,ok,deepmimo-los,LOS/NLOS Classification,95.76256793478261,0.10096092214402945,95.61994611220861,100.0,,0.9536351561546326,0.13141722414853438,,,,,,,,,,95.504638671875,"[95.02664184570312, 95.98262786865234]",,,
/home/<user>/wavesfm_vivor4_m2/phase2_vivor4/runs/20260403_004122-ngwn06/local_results/by_task/deepmimo-los/ft2/s1/best.pth,log,71,pca,95.12726593017578,ngwn06,/home/<user>/wavesfm_vivor4_m2/phase2_vivor4/runs/20260403_004122-ngwn06/local_results/by_task/deepmimo-los/ft2/s1/checkpoint_099.pth,['ngwn06'],ngwn06,/home/<user>/wavesfm_vivor4_m2/phase2_vivor4/runs/20260403_004122-ngwn06/local_results/by_task/deepmimo-los/ft2/s1/log.txt,/home/<user>/wavesfm_vivor4_m2/phase2_vivor4/runs/20260403_004122-ngwn06/local_results/by_task/deepmimo-los/ft2/s1/metadata.json,ft2,pca,,/home/<user>/wavesfm_vivor4_m2/phase2_vivor4/runs/20260403_004122-ngwn06/local_results/by_task/deepmimo-los/ft2/s1,fresh,1,20260403_004122-ngwn06,/home/<user>/wavesfm_vivor4_m2/phase2_vivor4/runs/20260403_004122-ngwn06,ok,deepmimo-los,LOS/NLOS Classification,99.72826086956522,0.007480671396479011,95.45148250034877,100.0,,0.9516623020172119,0.2911748049876118,,,,,,,,,,95.12726593017578,"[93.7833023071289, 96.47122955322266]",,,
/home/<user>/wavesfm_vivor4_m2/phase2_vivor4/runs/20260403_004122-ngwn06/local_results/by_task/deepmimo-los/ft2/s2/best.pth,log,30,pca,95.7685546875,ngwn06,/home/<user>/wavesfm_vivor4_m2/phase2_vivor4/runs/20260403_004122-ngwn06/local_results/by_task/deepmimo-los/ft2/s2/checkpoint_099.pth,['ngwn06'],ngwn06,/home/<user>/wavesfm_vivor4_m2/phase2_vivor4/runs/20260403_004122-ngwn06/local_results/by_task/deepmimo-los/ft2/s2/log.txt,/home/<user>/wavesfm_vivor4_m2/phase2_vivor4/runs/20260403_004122-ngwn06/local_results/by_task/deepmimo-los/ft2/s2/metadata.json,ft2,pca,,/home/<user>/wavesfm_vivor4_m2/phase2_vivor4/runs/20260403_004122-ngwn06/local_results/by_task/deepmimo-los/ft2/s2,fresh,2,20260403_004122-ngwn06,/home/<user>/wavesfm_vivor4_m2/phase2_vivor4/runs/20260403_004122-ngwn06,ok,deepmimo-los,LOS/NLOS Classification,97.0618206521739,0.06587004175652629,95.7547171045185,100.0,,0.9551659822463989,0.12134244427526736,,,,,,,,,,95.7685546875,"[95.82593536376953, 95.711181640625]",,,
/home/<user>/wavesfm_vivor4_m2/phase2_vivor4/runs/20260403_004122-ngwn06/local_results/by_task/deepmimo-los/lora/s0/best.pth,log,24,pca,95.29972839355469,ngwn06,/home/<user>/wavesfm_vivor4_m2/phase2_vivor4/runs/20260403_004122-ngwn06/local_results/by_task/deepmimo-los/lora/s0/checkpoint_099.pth,['ngwn06'],ngwn06,/home/<user>/wavesfm_vivor4_m2/phase2_vivor4/runs/20260403_004122-ngwn06/local_results/by_task/deepmimo-los/lora/s0/log.txt,/home/<user>/wavesfm_vivor4_m2/phase2_vivor4/runs/20260403_004122-ngwn06/local_results/by_task/deepmimo-los/lora/s0/metadata.json,lora,pca,,/home/<user>/wavesfm_vivor4_m2/phase2_vivor4/runs/20260403_004122-ngwn06/local_results/by_task/deepmimo-los/lora/s0,fresh,0,20260403_004122-ngwn06,/home/<user>/wavesfm_vivor4_m2/phase2_vivor4/runs/20260403_004122-ngwn06,ok,deepmimo-los,LOS/NLOS Classification,96.6881793478261,0.08172531749891199,95.21563350543822,100.0,,0.9495711326599121,0.13488227442268413,,,,,,,,,,95.29972839355469,"[95.6483154296875, 94.95114135742188]",,,
/home/<user>/wavesfm_vivor4_m2/phase2_vivor4/runs/20260403_004122-ngwn06/local_results/by_task/deepmimo-los/lora/s1/best.pth,log,37,pca,94.99154663085938,ngwn06,/home/<user>/wavesfm_vivor4_m2/phase2_vivor4/runs/20260403_004122-ngwn06/local_results/by_task/deepmimo-los/lora/s1/checkpoint_099.pth,['ngwn06'],ngwn06,/home/<user>/wavesfm_vivor4_m2/phase2_vivor4/runs/20260403_004122-ngwn06/local_results/by_task/deepmimo-los/lora/s1/log.txt,/home/<user>/wavesfm_vivor4_m2/phase2_vivor4/runs/20260403_004122-ngwn06/local_results/by_task/deepmimo-los/lora/s1/metadata.json,lora,pca,,/home/<user>/wavesfm_vivor4_m2/phase2_vivor4/runs/20260403_004122-ngwn06/local_results/by_task/deepmimo-los/lora/s1,fresh,1,20260403_004122-ngwn06,/home/<user>/wavesfm_vivor4_m2/phase2_vivor4/runs/20260403_004122-ngwn06,ok,deepmimo-los,LOS/NLOS Classification,98.6243206521739,0.03642783332211168,95.28301895018215,100.0,,0.9499154090881348,0.20691877916816753,,,,,,,,,,94.99154663085938,"[93.7833023071289, 96.19978332519531]",,,
/home/<user>/wavesfm_vivor4_m2/phase2_vivor4/runs/20260403_004122-ngwn06/local_results/by_task/deepmimo-los/lora/s2/best.pth,log,17,pca,95.67738342285156,ngwn06,/home/<user>/wavesfm_vivor4_m2/phase2_vivor4/runs/20260403_004122-ngwn06/local_results/by_task/deepmimo-los/lora/s2/checkpoint_099.pth,['ngwn06'],ngwn06,/home/<user>/wavesfm_vivor4_m2/phase2_vivor4/runs/20260403_004122-ngwn06/local_results/by_task/deepmimo-los/lora/s2/log.txt,/home/<user>/wavesfm_vivor4_m2/phase2_vivor4/runs/20260403_004122-ngwn06/local_results/by_task/deepmimo-los/lora/s2/metadata.json,lora,pca,,/home/<user>/wavesfm_vivor4_m2/phase2_vivor4/runs/20260403_004122-ngwn06/local_results/by_task/deepmimo-los/lora/s2,fresh,2,20260403_004122-ngwn06,/home/<user>/wavesfm_vivor4_m2/phase2_vivor4/runs/20260403_004122-ngwn06,ok,deepmimo-los,LOS/NLOS Classification,96.24660326086956,0.09123668422841508,95.85579533332763,100.0,,0.9560649394989014,0.11007761707243251,,,,,,,,,,95.67738342285156,"[94.93782806396484, 96.41693878173828]",,,
/home/<user>/wavesfm_vivor4_m2/phase2_vivor4/runs/20260403_004122-ngwn06/local_results/by_task/deepmimo-beam/lp/s0/best.pth,log,79,pca,56.044376373291016,ngwn06,/home/<user>/wavesfm_vivor4_m2/phase2_vivor4/runs/20260403_004122-ngwn06/local_results/by_task/deepmimo-beam/lp/s0/checkpoint_099.pth,['ngwn06'],ngwn06,/home/<user>/wavesfm_vivor4_m2/phase2_vivor4/runs/20260403_004122-ngwn06/local_results/by_task/deepmimo-beam/lp/s0/log.txt,/home/<user>/wavesfm_vivor4_m2/phase2_vivor4/runs/20260403_004122-ngwn06/local_results/by_task/deepmimo-beam/lp/s0/metadata.json,lp,pca,,/home/<user>/wavesfm_vivor4_m2/phase2_vivor4/runs/20260403_004122-ngwn06/local_results/by_task/deepmimo-beam/lp/s0,fresh,0,20260403_004122-ngwn06,/home/<user>/wavesfm_vivor4_m2/phase2_vivor4/runs/20260403_004122-ngwn06,ok,deepmimo-beam,Beam Prediction,79.47520380434783,0.7105890693871871,60.91644204851752,86.25336937505922,,0.5709918141365051,1.3084194949373724,,,,,,,,,,56.044376373291016,"[73.62637329101562, 0.0, 10.714285850524902, 23.33333396911621, 27.906978607177734, 34.21052551269531, 39.28571319580078, 47.826087951660156, 34.375, 71.42857360839844, 43.75, 50.0, 52.6315803527832, 64.0, 52.77777862548828, 59.574466705322266, 89.36170196533203, 64.51612854003906, 63.15789031982422, 48.57143020629883, 64.70588684082031, 70.83332824707031, 52.27272415161133, 66.66667175292969, 81.94444274902344, 48.48484802246094, 39.130435943603516, 42.30769348144531, 52.38095474243164, 73.68421173095703, 53.84615707397461, 59.25925827026367, 60.52631759643555, 75.0, 46.153846740722656, 44.11764907836914, 57.77777862548828, 66.66667175292969, 68.75, 59.523807525634766, 69.56521606445312, 57.142860412597656, 62.29507827758789, 62.0, 64.10256958007812, 77.04917907714844, 77.33332824707031, 77.77777862548828, 75.0, 73.33333587646484, 75.60975646972656, 71.62162017822266, 63.79310607910156, 57.446807861328125, 65.67163848876953, 87.23404693603516, 68.18181610107422, 54.41176223754883, 63.235294342041016, 50.537635803222656, 28.735631942749023, 13.636363983154297, 0.0]",,,
/home/<user>/wavesfm_vivor4_m2/phase2_vivor4/runs/20260403_004122-ngwn06/local_results/by_task/deepmimo-beam/lp/s1/best.pth,log,79,pca,56.275325775146484,ngwn06,/home/<user>/wavesfm_vivor4_m2/phase2_vivor4/runs/20260403_004122-ngwn06/local_results/by_task/deepmimo-beam/lp/s1/checkpoint_099.pth,['ngwn06'],ngwn06,/home/<user>/wavesfm_vivor4_m2/phase2_vivor4/runs/20260403_004122-ngwn06/local_results/by_task/deepmimo-beam/lp/s1/log.txt,/home/<user>/wavesfm_vivor4_m2/phase2_vivor4/runs/20260403_004122-ngwn06/local_results/by_task/deepmimo-beam/lp/s1/metadata.json,lp,pca,,/home/<user>/wavesfm_vivor4_m2/phase2_vivor4/runs/20260403_004122-ngwn06/local_results/by_task/deepmimo-beam/lp/s1,fresh,1,20260403_004122-ngwn06,/home/<user>/wavesfm_vivor4_m2/phase2_vivor4/runs/20260403_004122-ngwn06,ok,deepmimo-beam,Beam Prediction,80.63858695652173,0.6827376342338064,61.18598383777547,87.56738546530835,,0.5690243244171143,1.2669397518641223,,,,,,,,,,56.275325775146484,"[76.92308044433594, 0.0, 14.285715103149414, 16.666667938232422, 44.1860466003418, 44.73684310913086, 21.428571701049805, 56.52173614501953, 53.125, 69.04761505126953, 50.0, 45.833335876464844, 52.6315803527832, 52.0, 63.88888931274414, 70.21276092529297, 87.23404693603516, 64.51612854003906, 63.15789031982422, 60.000003814697266, 61.764705657958984, 60.41666793823242, 59.09090805053711, 68.25396728515625, 76.3888931274414, 45.45454788208008, 26.086956024169922, 50.0, 28.571430206298828, 47.36842346191406, 69.23077392578125, 70.37036895751953, 65.78947448730469, 67.5, 56.41025924682617, 41.17647171020508, 60.000003814697266, 77.08332824707031, 54.16666793823242, 71.42857360839844, 67.39130401611328, 71.42857360839844, 52.459014892578125, 58.0, 71.79487609863281, 67.2131118774414, 72.0, 76.543212890625, 70.65217590332031, 74.44444274902344, 78.04877471923828, 66.21621704101562, 72.41378784179688, 51.0638313293457, 61.19403076171875, 78.72340393066406, 59.09090805053711, 75.0, 47.05882263183594, 62.36559295654297, 37.931034088134766, 11.36363697052002, 0.0]",,,
/home/<user>/wavesfm_vivor4_m2/phase2_vivor4/runs/20260403_004122-ngwn06/local_results/by_task/deepmimo-beam/lp/s2/best.pth,log,82,pca,55.08467102050781,ngwn06,/home/<user>/wavesfm_vivor4_m2/phase2_vivor4/runs/20260403_004122-ngwn06/local_results/by_task/deepmimo-beam/lp/s2/checkpoint_099.pth,['ngwn06'],ngwn06,/home/<user>/wavesfm_vivor4_m2/phase2_vivor4/runs/20260403_004122-ngwn06/local_results/by_task/deepmimo-beam/lp/s2/log.txt,/home/<user>/wavesfm_vivor4_m2/phase2_vivor4/runs/20260403_004122-ngwn06/local_results/by_task/deepmimo-beam/lp/s2/metadata.json,lp,pca,,/home/<user>/wavesfm_vivor4_m2/phase2_vivor4/runs/20260403_004122-ngwn06/local_results/by_task/deepmimo-beam/lp/s2,fresh,2,20260403_004122-ngwn06,/home/<user>/wavesfm_vivor4_m2/phase2_vivor4/runs/20260403_004122-ngwn06,ok,deepmimo-beam,Beam Prediction,81.00373641304348,0.6824047941228618,60.512129472593735,86.6239894445373,,0.5619414448738098,1.2737412655128624,,,,,,,,,,55.08467102050781,"[72.52747344970703, 0.0, 10.714285850524902, 6.6666669845581055, 48.83720779418945, 44.73684310913086, 32.14285659790039, 34.78260803222656, 50.0, 54.761905670166016, 43.75, 45.833335876464844, 52.6315803527832, 48.0, 72.22222137451172, 78.72340393066406, 65.95744323730469, 45.16128921508789, 42.105262756347656, 48.57143020629883, 52.94117736816406, 66.66667175292969, 56.818180084228516, 61.904762268066406, 63.88888931274414, 48.48484802246094, 39.130435943603516, 53.84615707397461, 33.333335876464844, 57.894737243652344, 50.0, 40.74074172973633, 71.05262756347656, 65.0, 58.974361419677734, 61.764705657958984, 60.000003814697266, 79.16667175292969, 66.66667175292969, 69.04761505126953, 73.91304016113281, 83.92857360839844, 63.93442916870117, 62.0, 53.84615707397461, 73.77049255371094, 77.33332824707031, 70.37036895751953, 83.69564819335938, 74.44444274902344, 80.48780822753906, 78.37837982177734, 56.896549224853516, 63.82978439331055, 61.19403076171875, 74.46807861328125, 57.57575607299805, 63.235294342041016, 48.52941131591797, 58.06451416015625, 39.08045959472656, 15.909090995788574, 0.0]",,,
/home/<user>/wavesfm_vivor4_m2/phase2_vivor4/runs/20260403_004122-ngwn06/local_results/by_task/deepmimo-beam/ft2/s0/best.pth,log,61,pca,66.71082305908203,ngwn06,/home/<user>/wavesfm_vivor4_m2/phase2_vivor4/runs/20260403_004122-ngwn06/local_results/by_task/deepmimo-beam/ft2/s0/checkpoint_099.pth,['ngwn06'],ngwn06,/home/<user>/wavesfm_vivor4_m2/phase2_vivor4/runs/20260403_004122-ngwn06/local_results/by_task/deepmimo-beam/ft2/s0/log.txt,/home/<user>/wavesfm_vivor4_m2/phase2_vivor4/runs/20260403_004122-ngwn06/local_results/by_task/deepmimo-beam/ft2/s0/metadata.json,ft2,pca,,/home/<user>/wavesfm_vivor4_m2/phase2_vivor4/runs/20260403_004122-ngwn06/local_results/by_task/deepmimo-beam/ft2/s0,fresh,0,20260403_004122-ngwn06,/home/<user>/wavesfm_vivor4_m2/phase2_vivor4/runs/20260403_004122-ngwn06,ok,deepmimo-beam,Beam Prediction,98.96399456521739,0.030014521705553583,71.12533682440169,92.65498660516867,,0.6719903349876404,1.3432492306932928,,,,,,,,,,66.71082305908203,"[81.31867980957031, 0.0, 57.142860412597656, 43.33333206176758, 65.11627960205078, 63.15789031982422, 42.85714340209961, 65.21739196777344, 62.5, 80.95238494873047, 71.875, 70.83332824707031, 63.15789031982422, 60.000003814697266, 83.33332824707031, 78.72340393066406, 87.23404693603516, 58.06451416015625, 60.52631759643555, 68.5714340209961, 64.70588684082031, 85.41667175292969, 61.3636360168457, 77.77777862548828, 81.94444274902344, 57.57575607299805, 60.869564056396484, 53.84615707397461, 42.85714340209961, 63.15789031982422, 65.38461303710938, 74.0740737915039, 68.42105102539062, 72.5, 64.10256958007812, 64.70588684082031, 75.55555725097656, 64.58332824707031, 83.33332824707031, 78.57142639160156, 69.56521606445312, 67.85713958740234, 68.85246276855469, 62.0, 66.66667175292969, 81.96720886230469, 77.33332824707031, 82.71604919433594, 80.43478393554688, 72.22222137451172, 70.73170471191406, 77.02703094482422, 70.68965148925781, 65.95744323730469, 82.08954620361328, 86.17021179199219, 81.81818389892578, 75.0, 66.17646789550781, 69.89247131347656, 59.77011489868164, 43.181819915771484, 0.0]",,,
/home/<user>/wavesfm_vivor4_m2/phase2_vivor4/runs/20260403_004122-ngwn06/local_results/by_task/deepmimo-beam/ft2/s1/best.pth,log,65,pca,69.32752227783203,ngwn06,/home/<user>/wavesfm_vivor4_m2/phase2_vivor4/runs/20260403_004122-ngwn06/local_results/by_task/deepmimo-beam/ft2/s1/checkpoint_099.pth,['ngwn06'],ngwn06,/home/<user>/wavesfm_vivor4_m2/phase2_vivor4/runs/20260403_004122-ngwn06/local_results/by_task/deepmimo-beam/ft2/s1/log.txt,/home/<user>/wavesfm_vivor4_m2/phase2_vivor4/runs/20260403_004122-ngwn06/local_results/by_task/deepmimo-beam/ft2/s1/metadata.json,ft2,pca,,/home/<user>/wavesfm_vivor4_m2/phase2_vivor4/runs/20260403_004122-ngwn06/local_results/by_task/deepmimo-beam/ft2/s1,fresh,1,20260403_004122-ngwn06,/home/<user>/wavesfm_vivor4_m2/phase2_vivor4/runs/20260403_004122-ngwn06,ok,deepmimo-beam,Beam Prediction,99.4225543478261,0.017802104556366154,72.37196784006618,93.22776290605653,,0.6937353014945984,1.3120629993089126,,,,,,,,,,69.32752227783203,"[73.62637329101562, 33.333335876464844, 35.71428680419922, 53.333335876464844, 67.44186401367188, 65.78947448730469, 67.85713958740234, 73.91304016113281, 75.0, 76.19047546386719, 71.875, 45.833335876464844, 52.6315803527832, 72.0, 75.0, 80.85106658935547, 93.61701965332031, 67.74193572998047, 76.31578826904297, 68.5714340209961, 67.64705657958984, 89.58332824707031, 84.09090423583984, 90.47618865966797, 84.72222137451172, 75.75757598876953, 43.4782600402832, 73.07691955566406, 42.85714340209961, 73.68421173095703, 88.46153259277344, 74.0740737915039, 76.31578826904297, 62.5, 58.974361419677734, 67.64705657958984, 80.0, 75.0, 77.08332824707031, 69.04761505126953, 76.08695983886719, 67.85713958740234, 70.49180603027344, 76.0, 82.05128479003906, 70.49180603027344, 70.66666412353516, 72.83950805664062, 80.43478393554688, 78.88888549804688, 73.17073059082031, 74.32432556152344, 65.51724243164062, 80.85106658935547, 64.17910766601562, 84.04255676269531, 78.78787994384766, 77.94117736816406, 63.235294342041016, 67.74193572998047, 60.91954040527344, 50.0, 0.0]",,,
/home/<user>/wavesfm_vivor4_m2/phase2_vivor4/runs/20260403_004122-ngwn06/local_results/by_task/deepmimo-beam/ft2/s2/best.pth,log,77,pca,69.91236114501953,ngwn06,/home/<user>/wavesfm_vivor4_m2/phase2_vivor4/runs/20260403_004122-ngwn06/local_results/by_task/deepmimo-beam/ft2/s2/checkpoint_099.pth,['ngwn06'],ngwn06,/home/<user>/wavesfm_vivor4_m2/phase2_vivor4/runs/20260403_004122-ngwn06/local_results/by_task/deepmimo-beam/ft2/s2/log.txt,/home/<user>/wavesfm_vivor4_m2/phase2_vivor4/runs/20260403_004122-ngwn06/local_results/by_task/deepmimo-beam/ft2/s2/metadata.json,ft2,pca,,/home/<user>/wavesfm_vivor4_m2/phase2_vivor4/runs/20260403_004122-ngwn06/local_results/by_task/deepmimo-beam/ft2/s2,fresh,2,20260403_004122-ngwn06,/home/<user>/wavesfm_vivor4_m2/phase2_vivor4/runs/20260403_004122-ngwn06,ok,deepmimo-beam,Beam Prediction,99.84714673913044,0.008193464666281057,73.9218327401462,93.09299205769747,,0.7017017602920532,1.267153287190954,,,,,,,,,,69.91236114501953,"[78.02198028564453, 0.0, 53.57142639160156, 56.66666793823242, 69.76744079589844, 71.05262756347656, 50.0, 52.173912048339844, 78.125, 85.71428680419922, 87.5, 50.0, 78.94737243652344, 60.000003814697266, 80.55555725097656, 78.72340393066406, 78.72340393066406, 58.06451416015625, 81.57894897460938, 74.28571319580078, 55.88235092163086, 81.25, 75.0, 77.77777862548828, 80.55555725097656, 81.81818389892578, 60.869564056396484, 53.84615707397461, 66.66667175292969, 73.68421173095703, 65.38461303710938, 81.48148345947266, 76.31578826904297, 67.5, 76.92308044433594, 76.47058868408203, 77.77777862548828, 83.33332824707031, 77.08332824707031, 78.57142639160156, 63.043479919433594, 71.42857360839844, 68.85246276855469, 72.0, 61.5384635925293, 85.24590301513672, 78.66667175292969, 72.83950805664062, 85.86956024169922, 81.1111068725586, 81.70731353759766, 82.43243408203125, 75.86206817626953, 68.0851058959961, 79.10447692871094, 79.78723907470703, 83.33332824707031, 67.64705657958984, 70.5882339477539, 79.56989288330078, 60.91954040527344, 43.181819915771484, 0.0]",,,
/home/<user>/wavesfm_vivor4_m2/phase2_vivor4/runs/20260403_004122-ngwn06/local_results/by_task/deepmimo-beam/lora/s0/best.pth,log,40,pca,67.26728820800781,ngwn06,/home/<user>/wavesfm_vivor4_m2/phase2_vivor4/runs/20260403_004122-ngwn06/local_results/by_task/deepmimo-beam/lora/s0/checkpoint_099.pth,['ngwn06'],ngwn06,/home/<user>/wavesfm_vivor4_m2/phase2_vivor4/runs/20260403_004122-ngwn06/local_results/by_task/deepmimo-beam/lora/s0/log.txt,/home/<user>/wavesfm_vivor4_m2/phase2_vivor4/runs/20260403_004122-ngwn06/local_results/by_task/deepmimo-beam/lora/s0/metadata.json,lora,pca,,/home/<user>/wavesfm_vivor4_m2/phase2_vivor4/runs/20260403_004122-ngwn06/local_results/by_task/deepmimo-beam/lora/s0,fresh,0,20260403_004122-ngwn06,/home/<user>/wavesfm_vivor4_m2/phase2_vivor4/runs/20260403_004122-ngwn06,ok,deepmimo-beam,Beam Prediction,96.56929347826087,0.11308349134481471,71.36118586044105,92.41913761025812,,0.6735574007034302,1.1520100012622432,,,,,,,,,,67.26728820800781,"[75.82418060302734, 0.0, 39.28571319580078, 43.33333206176758, 72.09302520751953, 50.0, 53.57142639160156, 82.60869598388672, 56.25, 80.95238494873047, 71.875, 79.16667175292969, 63.15789031982422, 84.0, 55.55555725097656, 76.59574890136719, 89.36170196533203, 64.51612854003906, 78.94737243652344, 82.85714721679688, 70.5882339477539, 70.83332824707031, 63.6363639831543, 76.19047546386719, 80.55555725097656, 63.6363639831543, 34.78260803222656, 61.5384635925293, 61.904762268066406, 63.15789031982422, 61.5384635925293, 70.37036895751953, 81.57894897460938, 67.5, 69.23077392578125, 67.64705657958984, 66.66667175292969, 64.58332824707031, 83.33332824707031, 64.28571319580078, 69.56521606445312, 82.14286041259766, 65.57376861572266, 52.0, 71.79487609863281, 81.96720886230469, 72.0, 82.71604919433594, 77.17391204833984, 85.55555725097656, 76.82926940917969, 74.32432556152344, 68.96551513671875, 74.46807861328125, 68.6567153930664, 86.17021179199219, 80.30303192138672, 69.11764526367188, 72.05882263183594, 74.19355010986328, 70.11493682861328, 38.6363639831543, 0.0]",,,
/home/<user>/wavesfm_vivor4_m2/phase2_vivor4/runs/20260403_004122-ngwn06/local_results/by_task/deepmimo-beam/lora/s1/best.pth,log,71,pca,67.58969116210938,ngwn06,/home/<user>/wavesfm_vivor4_m2/phase2_vivor4/runs/20260403_004122-ngwn06/local_results/by_task/deepmimo-beam/lora/s1/checkpoint_099.pth,['ngwn06'],ngwn06,/home/<user>/wavesfm_vivor4_m2/phase2_vivor4/runs/20260403_004122-ngwn06/local_results/by_task/deepmimo-beam/lora/s1/log.txt,/home/<user>/wavesfm_vivor4_m2/phase2_vivor4/runs/20260403_004122-ngwn06/local_results/by_task/deepmimo-beam/lora/s1/metadata.json,lora,pca,,/home/<user>/wavesfm_vivor4_m2/phase2_vivor4/runs/20260403_004122-ngwn06/local_results/by_task/deepmimo-beam/lora/s1,fresh,1,20260403_004122-ngwn06,/home/<user>/wavesfm_vivor4_m2/phase2_vivor4/runs/20260403_004122-ngwn06,ok,deepmimo-beam,Beam Prediction,99.8046875,0.010639274229659983,71.1927225570473,93.26145554617088,,0.6755127906799316,1.2775956620424584,,,,,,,,,,67.58969116210938,"[81.31867980957031, 0.0, 46.42856979370117, 33.333335876464844, 55.81395721435547, 50.0, 53.57142639160156, 56.52173614501953, 75.0, 88.0952377319336, 75.0, 54.16666793823242, 52.6315803527832, 72.0, 83.33332824707031, 80.85106658935547, 87.23404693603516, 67.74193572998047, 73.68421173095703, 74.28571319580078, 85.29411315917969, 77.08332824707031, 70.45454406738281, 85.71428680419922, 73.6111068725586, 81.81818389892578, 60.869564056396484, 61.5384635925293, 66.66667175292969, 68.42105102539062, 73.07691955566406, 70.37036895751953, 68.42105102539062, 55.0, 69.23077392578125, 58.82353210449219, 82.22222137451172, 64.58332824707031, 72.91667175292969, 76.19047546386719, 67.39130401611328, 80.35713958740234, 63.93442916870117, 70.0, 79.4871826171875, 80.32786560058594, 72.0, 77.77777862548828, 78.26087188720703, 73.33333587646484, 74.39024353027344, 71.62162017822266, 70.68965148925781, 74.46807861328125, 73.13432312011719, 82.97872924804688, 66.66667175292969, 79.4117660522461, 63.235294342041016, 66.66667175292969, 65.51724243164062, 43.181819915771484, 0.0]",,,
/home/<user>/wavesfm_vivor4_m2/phase2_vivor4/runs/20260403_004122-ngwn06/local_results/by_task/deepmimo-beam/lora/s2/best.pth,log,73,pca,67.81675720214844,ngwn06,/home/<user>/wavesfm_vivor4_m2/phase2_vivor4/runs/20260403_004122-ngwn06/local_results/by_task/deepmimo-beam/lora/s2/checkpoint_099.pth,['ngwn06'],ngwn06,/home/<user>/wavesfm_vivor4_m2/phase2_vivor4/runs/20260403_004122-ngwn06/local_results/by_task/deepmimo-beam/lora/s2/log.txt,/home/<user>/wavesfm_vivor4_m2/phase2_vivor4/runs/20260403_004122-ngwn06/local_results/by_task/deepmimo-beam/lora/s2/metadata.json,lora,pca,,/home/<user>/wavesfm_vivor4_m2/phase2_vivor4/runs/20260403_004122-ngwn06/local_results/by_task/deepmimo-beam/lora/s2,fresh,2,20260403_004122-ngwn06,/home/<user>/wavesfm_vivor4_m2/phase2_vivor4/runs/20260403_004122-ngwn06,ok,deepmimo-beam,Beam Prediction,99.85563858695652,0.009483215348471118,72.77628022062811,92.5539082118443,,0.6795371770858765,1.265584979738508,,,,,,,,,,67.81675720214844,"[75.82418060302734, 0.0, 46.42856979370117, 40.0, 69.76744079589844, 57.894737243652344, 57.142860412597656, 52.173912048339844, 81.25, 69.04761505126953, 81.25, 70.83332824707031, 57.894737243652344, 76.0, 75.0, 78.72340393066406, 72.34042358398438, 64.51612854003906, 78.94737243652344, 82.85714721679688, 61.764705657958984, 81.25, 72.7272720336914, 79.36508178710938, 81.94444274902344, 75.75757598876953, 43.4782600402832, 50.0, 38.095237731933594, 63.15789031982422, 69.23077392578125, 51.85185241699219, 84.21052551269531, 50.0, 66.66667175292969, 61.764705657958984, 71.11111450195312, 85.41667175292969, 70.83332824707031, 76.19047546386719, 63.043479919433594, 75.0, 75.40983581542969, 78.0, 71.79487609863281, 85.24590301513672, 81.33333587646484, 80.24691009521484, 82.60869598388672, 82.22222137451172, 84.1463394165039, 81.0810775756836, 67.24137878417969, 74.46807861328125, 80.59701538085938, 86.17021179199219, 87.8787841796875, 72.05882263183594, 67.64705657958984, 77.41934967041016, 59.77011489868164, 36.3636360168457, 0.0]",,,
